# Sting, hilt half. Generated from Sting-Sword-lowpoly.obj; see docs for provenance.
v 0.467102 0.429811 12.397635
v 0.908084 0.429811 12.584414
v 0.908084 0.824477 12.584414
v 0.467102 0.837764 12.397635
v 0.096632 0.264118 10.568598
v 0.000000 0.264118 10.559187
v 0.000000 0.614556 10.559187
v 0.096632 0.614556 10.568598
v 0.533389 0.797781 12.021531
v 1.001521 0.788038 12.239033
v 1.095943 0.735493 11.894386
v 0.600464 0.741802 11.646792
v 0.243571 0.745681 11.436494
v 0.215596 0.804525 11.835697
v 0.057622 0.429811 12.163813
v 0.188803 0.429811 12.238720
v 0.188803 0.841502 12.238720
v 0.057622 0.841900 12.163813
v -0.669114 0.686177 11.274784
v -0.273909 0.687931 11.044931
v -0.304025 0.633275 10.674454
v -0.735492 0.633172 10.920479
v 0.065799 0.798432 11.748100
v 0.074764 0.740379 11.340843
v 0.000000 0.737912 11.302516
v 0.000000 0.795709 11.709623
v 1.602336 0.775374 12.421629
v 1.680507 0.726979 12.101925
v 1.527315 0.429811 12.742909
v 2.316975 0.429811 12.812916
v 2.316975 0.785092 12.812916
v 1.527315 0.807714 12.742909
v 1.764980 0.678802 11.785370
v 2.437571 0.673178 11.950421
v 2.487341 0.633164 11.682887
v 1.848189 0.633149 11.486256
v 2.350873 0.758428 12.523580
v 2.389496 0.715707 12.235622
v 3.262172 0.737226 12.499143
v 3.258248 0.702306 12.261695
v 3.269246 0.405199 12.734226
v 4.236169 0.375286 12.543025
v 4.236169 0.725723 12.543025
v 3.269246 0.755637 12.734226
v 3.260625 0.666695 12.019523
v 4.128798 0.659985 11.996488
v 4.099422 0.633223 11.816875
v 3.265776 0.633178 11.791643
v 4.198541 0.715562 12.367935
v 4.162292 0.688504 12.187528
v 5.022288 0.692730 12.149574
v 4.977155 0.672625 12.020504
v 5.069784 0.345909 12.275495
v 5.708189 0.318857 12.003098
v 5.708189 0.669294 12.003098
v 5.069784 0.696347 12.275495
v 4.936748 0.651851 11.885132
v 5.596442 0.643817 11.742871
v 5.570755 0.633309 11.676186
v 4.903267 0.633262 11.763227
v 5.668314 0.671183 11.914518
v 5.630409 0.657201 11.827316
v 6.071520 0.656092 11.733222
v 6.049624 0.646898 11.674657
v 6.089477 0.299267 11.797301
v 6.281802 0.291515 11.656428
v 6.281802 0.655595 11.656428
v 6.089477 0.649704 11.797301
v 5.986142 0.264118 11.585093
v 5.564445 0.264118 11.659804
v 5.564445 0.614556 11.659804
v 5.986142 0.614556 11.585093
v 0.190037 0.855227 12.220156
v 0.470183 0.851326 12.380151
v 6.353314 0.276059 11.578807
v 6.351819 0.270681 11.542262
v 6.351819 0.634697 11.542262
v 6.353314 0.640075 11.578807
v 6.019852 0.638650 11.627118
v 6.325120 0.265976 11.524620
v 6.220724 0.264118 11.535644
v 6.220725 0.614556 11.535644
v 6.325120 0.629992 11.524620
v 5.701351 0.683018 11.987909
v 6.084879 0.663372 11.780893
v 6.333907 0.650634 11.550109
v 6.318677 0.647811 11.540059
v 4.898704 0.264118 11.746611
v 4.096684 0.264118 11.800131
v 4.096684 0.614556 11.800131
v 4.898704 0.614556 11.746611
v 4.232650 0.739434 12.526653
v 5.063900 0.710068 12.259892
v 3.266152 0.264118 11.774986
v 2.490371 0.264118 11.666599
v 2.490371 0.614556 11.666599
v 3.266152 0.614556 11.774986
v 2.318989 0.798720 12.795727
v 3.268735 0.769312 12.717251
v 1.192334 0.683078 11.551210
v 1.852603 0.264118 11.470391
v 1.289709 0.264118 11.208769
v 1.289709 0.614556 11.208769
v 1.852603 0.614556 11.470391
v 0.669114 0.686177 11.274784
v 0.273909 0.687931 11.044931
v 0.738552 0.264118 10.904140
v 0.305428 0.264118 10.657189
v 0.305428 0.614556 10.657189
v 0.738552 0.614556 10.904140
v 0.912648 0.838080 12.567543
v 1.531289 0.821317 12.725889
v 0.305428 0.000000 10.657189
v 0.096632 0.000000 10.568598
v 0.000000 0.000000 10.561540
v 0.085304 0.684652 10.950493
v 0.304004 0.633313 10.674713
v 0.096101 0.633257 10.586510
v 0.000000 0.633328 10.576869
v 0.000000 0.684337 10.923762
v 0.000000 0.852817 12.111688
v 0.057996 0.855346 12.144807
v 1.289709 0.000000 11.208769
v 0.738552 0.000000 10.904140
v 0.735445 0.633209 10.920725
v 4.236169 0.000000 12.543025
v 5.069784 0.000000 12.275495
v 5.708189 0.000000 12.003098
v 5.564445 0.000000 11.659804
v 4.898704 0.000000 11.746611
v 4.096684 0.000000 11.800131
v 0.908084 0.000000 12.584414
v 1.527315 0.000000 12.742909
v 2.316975 0.000000 12.812916
v 6.351819 0.000000 11.542262
v 6.325120 0.000000 11.524620
v 6.220725 0.000000 11.535644
v 6.229777 0.645266 11.544080
v 5.998399 0.633608 11.600373
v 0.000000 0.429811 12.130909
v 0.000000 0.000000 12.139134
v 0.057622 0.000000 12.163813
v 0.188803 0.000000 12.238720
v 0.000000 0.839375 12.130909
v 2.490371 0.000000 11.666599
v 1.852603 0.000000 11.470391
v 1.285209 0.633147 11.224594
v 6.281802 0.000000 11.656428
v 6.353314 0.000000 11.578807
v 6.335946 0.656238 11.588324
v 6.089477 0.000000 11.797301
v 6.278286 0.661140 11.644010
v 5.986142 0.000000 11.585093
v 3.269246 0.000000 12.734226
v 3.266152 0.000000 11.774986
v 0.467102 0.000000 12.397635
v -0.467102 0.429811 12.397635
v -0.467102 0.837764 12.397635
v -0.908084 0.824477 12.584414
v -0.908084 0.429811 12.584414
v -0.188803 0.429811 12.238720
v -0.188803 0.841502 12.238720
v -0.533389 0.797781 12.021531
v -0.600464 0.741802 11.646792
v -1.095943 0.735493 11.894386
v -1.001521 0.788038 12.239033
v -0.215596 0.804525 11.835697
v -0.243571 0.745681 11.436494
v -0.057622 0.429811 12.163813
v -0.057622 0.841900 12.163813
v -0.065799 0.798432 11.748100
v -0.074764 0.740379 11.340843
v -1.602336 0.775374 12.421629
v -1.680507 0.726979 12.101925
v -1.527315 0.429811 12.742909
v -1.527315 0.807714 12.742909
v -2.316975 0.785092 12.812916
v -2.316975 0.429811 12.812916
v -2.389496 0.715707 12.235622
v -2.350873 0.758428 12.523580
v -3.262172 0.737226 12.499143
v -3.258248 0.702306 12.261695
v -3.269246 0.405199 12.734226
v -3.269246 0.755637 12.734226
v -4.236169 0.725723 12.543025
v -4.236169 0.375286 12.543025
v -4.162292 0.688504 12.187528
v -4.198541 0.715562 12.367935
v -5.022288 0.692730 12.149574
v -4.977155 0.672625 12.020504
v -5.069784 0.345909 12.275495
v -5.069784 0.696347 12.275495
v -5.708189 0.669294 12.003098
v -5.708189 0.318857 12.003098
v -5.630409 0.657201 11.827316
v -5.668314 0.671183 11.914518
v -6.071520 0.656092 11.733222
v -6.049624 0.646898 11.674657
v -6.089477 0.299267 11.797301
v -6.089477 0.649704 11.797301
v -6.281802 0.655595 11.656428
v -6.281802 0.291515 11.656428
v -6.353314 0.276059 11.578807
v -6.353314 0.640075 11.578807
v -5.986142 0.264118 11.585093
v -6.220724 0.264118 11.535644
v -6.220725 0.614556 11.535644
v -5.986142 0.614556 11.585093
v -6.019852 0.638650 11.627118
v -5.596442 0.643817 11.742871
v -6.325120 0.265976 11.524620
v -6.325120 0.629992 11.524620
v -6.351819 0.270681 11.542262
v -6.351819 0.634697 11.542262
v -4.898704 0.264118 11.746611
v -5.564445 0.264118 11.659804
v -5.564445 0.614556 11.659804
v -4.898704 0.614556 11.746611
v -4.936748 0.651851 11.885132
v -4.128798 0.659985 11.996488
v -4.096684 0.614556 11.800131
v -4.096684 0.264118 11.800131
v -3.266152 0.264118 11.774986
v -3.266152 0.614556 11.774986
v -3.260625 0.666695 12.019523
v -2.437571 0.673178 11.950421
v -2.490371 0.614556 11.666599
v -2.490371 0.264118 11.666599
v -1.852603 0.264118 11.470391
v -1.852603 0.614556 11.470391
v -1.764980 0.678802 11.785370
v -1.192334 0.683078 11.551210
v -1.289709 0.614556 11.208769
v -1.289709 0.264118 11.208769
v -0.738552 0.264118 10.904140
v -0.738552 0.614556 10.904140
v -0.305428 0.614556 10.657189
v -0.305428 0.264118 10.657189
v -0.096632 0.264118 10.568598
v -0.096632 0.000000 10.568598
v -0.305428 0.000000 10.657189
v -0.190037 0.855227 12.220156
v -0.057996 0.855346 12.144807
v -0.085304 0.684652 10.950493
v -0.096109 0.633220 10.586245
v -0.096632 0.614556 10.568598
v -0.738552 0.000000 10.904140
v -1.289709 0.000000 11.208769
v -2.318989 0.798720 12.795727
v -1.531289 0.821317 12.725889
v -1.285276 0.633111 11.224360
v -5.069784 0.000000 12.275495
v -4.236169 0.000000 12.543025
v -5.708189 0.000000 12.003098
v -4.099382 0.633186 11.816627
v -4.903200 0.633224 11.762980
v -5.063900 0.710068 12.259892
v -4.232650 0.739434 12.526653
v -4.898704 0.000000 11.746611
v -5.564445 0.000000 11.659804
v -4.096684 0.000000 11.800131
v -5.998217 0.633566 11.600147
v -6.228322 0.645051 11.544233
v -6.318677 0.647811 11.540059
v -5.570662 0.633271 11.675943
v -1.527315 0.000000 12.742909
v -0.908084 0.000000 12.584414
v -2.316975 0.000000 12.812916
v -1.848255 0.633114 11.486021
v -0.912648 0.838080 12.567543
v -6.325120 0.000000 11.524620
v -6.351819 0.000000 11.542262
v -6.220725 0.000000 11.535644
v -6.335946 0.656238 11.588324
v -6.278286 0.661140 11.644010
v -6.084879 0.663372 11.780893
v -6.333907 0.650634 11.550109
v -0.057622 0.000000 12.163813
v -0.188803 0.000000 12.238720
v 0.669114 -0.686177 11.274784
v 0.273909 -0.687931 11.044931
v 0.304004 -0.633313 10.674713
v 0.735445 -0.633209 10.920725
v -1.852603 0.000000 11.470391
v -2.490371 0.000000 11.666599
v -3.268735 0.769312 12.717251
v -2.487386 0.633128 11.682646
v -6.353314 0.000000 11.578807
v -6.281802 0.000000 11.656428
v -0.470183 0.851326 12.380151
v -6.089477 0.000000 11.797301
v -5.701351 0.683018 11.987909
v -5.986142 0.000000 11.585093
v -3.269246 0.000000 12.734226
v -3.265781 0.633142 11.791396
v -3.266152 0.000000 11.774986
v -0.467102 0.000000 12.397635
v 0.467102 -0.429811 12.397635
v 0.467102 -0.837764 12.397635
v 0.908084 -0.824477 12.584414
v 0.908084 -0.429811 12.584414
v 0.188803 -0.429811 12.238720
v 0.188803 -0.841502 12.238720
v 0.533389 -0.797781 12.021531
v 0.600464 -0.741802 11.646792
v 1.095943 -0.735493 11.894386
v 1.001521 -0.788038 12.239033
v 0.215596 -0.804525 11.835697
v 0.243571 -0.745681 11.436494
v 0.057622 -0.429811 12.163813
v 0.057622 -0.841900 12.163813
v 0.000000 -0.429811 12.130909
v 0.000000 -0.839375 12.130909
v 0.065799 -0.798432 11.748100
v 0.074764 -0.740379 11.340843
v 0.000000 -0.795709 11.709623
v 0.000000 -0.737912 11.302516
v 1.602336 -0.775374 12.421629
v 1.680507 -0.726979 12.101925
v 1.527315 -0.429811 12.742909
v 1.527315 -0.807714 12.742909
v 2.316975 -0.785092 12.812916
v 2.316975 -0.429811 12.812916
v 2.389496 -0.715707 12.235622
v 2.350873 -0.758428 12.523580
v 3.262172 -0.737226 12.499143
v 3.258248 -0.702306 12.261695
v 3.269246 -0.405199 12.734226
v 3.269246 -0.755637 12.734226
v 4.236169 -0.725723 12.543025
v 4.236169 -0.375286 12.543025
v 4.162292 -0.688504 12.187528
v 4.198541 -0.715562 12.367935
v 5.022288 -0.692730 12.149574
v 4.977155 -0.672625 12.020504
v 5.069784 -0.345909 12.275495
v 5.069784 -0.696347 12.275495
v 5.708189 -0.669294 12.003098
v 5.708189 -0.318857 12.003098
v 5.630409 -0.657201 11.827316
v 5.668314 -0.671183 11.914518
v 6.071520 -0.656092 11.733222
v 6.049624 -0.646898 11.674657
v 6.089477 -0.299267 11.797301
v 6.089477 -0.649704 11.797301
v 6.281802 -0.655595 11.656428
v 6.281802 -0.291515 11.656428
v 6.353314 -0.276059 11.578807
v 6.353314 -0.640075 11.578807
v 5.986142 -0.264118 11.585093
v 6.220724 -0.264118 11.535644
v 6.220725 -0.614556 11.535644
v 5.986142 -0.614556 11.585093
v 6.019852 -0.638650 11.627118
v 5.596442 -0.643817 11.742871
v 6.325120 -0.265976 11.524620
v 6.325120 -0.629992 11.524620
v 6.351819 -0.270681 11.542262
v 6.351819 -0.634697 11.542262
v 4.898704 -0.264118 11.746611
v 5.564445 -0.264118 11.659804
v 5.564445 -0.614556 11.659804
v 4.898704 -0.614556 11.746611
v 4.936748 -0.651851 11.885132
v 4.128798 -0.659985 11.996488
v 4.096684 -0.614556 11.800131
v 4.096684 -0.264118 11.800131
v 3.266152 -0.264118 11.774986
v 3.266152 -0.614556 11.774986
v 3.260625 -0.666695 12.019523
v 2.437571 -0.673178 11.950421
v 2.490371 -0.614556 11.666599
v 2.490371 -0.264118 11.666599
v 1.852603 -0.264118 11.470391
v 1.852603 -0.614556 11.470391
v 1.764980 -0.678802 11.785370
v 1.192334 -0.683078 11.551210
v 1.289709 -0.614556 11.208769
v 1.289709 -0.264118 11.208769
v 0.738552 -0.264118 10.904140
v 0.738552 -0.614556 10.904140
v 0.305428 -0.614556 10.657189
v 0.305428 -0.264118 10.657189
v 0.096632 -0.264118 10.568598
v 0.000000 -0.264118 10.559187
v 0.190037 -0.855227 12.220156
v 0.057996 -0.855346 12.144807
v 0.085304 -0.684652 10.950493
v 0.000000 -0.684337 10.923762
v 0.000000 -0.633328 10.576869
v 0.096101 -0.633257 10.586510
v 0.096632 -0.614556 10.568598
v 0.000000 -0.614556 10.559187
v 2.318989 -0.798720 12.795727
v 1.531289 -0.821317 12.725889
v 1.285209 -0.633147 11.224594
v 4.099422 -0.633223 11.816875
v 4.903267 -0.633262 11.763227
v 5.063900 -0.710068 12.259892
v 4.232650 -0.739434 12.526653
v 5.998399 -0.633608 11.600373
v 6.229777 -0.645266 11.544080
v 6.318677 -0.647811 11.540059
v 5.570755 -0.633309 11.676186
v 1.848189 -0.633149 11.486256
v 0.912648 -0.838080 12.567543
v 6.335946 -0.656238 11.588324
v 6.278286 -0.661140 11.644010
v 6.084879 -0.663372 11.780893
v 6.333907 -0.650634 11.550109
v -0.669114 -0.686177 11.274784
v -1.192334 -0.683078 11.551210
v -1.285276 -0.633111 11.224360
v -0.735492 -0.633172 10.920479
v 0.000000 -0.852817 12.111688
v 3.268735 -0.769312 12.717251
v 2.487341 -0.633164 11.682887
v 0.470183 -0.851326 12.380151
v 5.701351 -0.683018 11.987909
v 3.265776 -0.633178 11.791643
v -0.467102 -0.429811 12.397635
v -0.908084 -0.429811 12.584414
v -0.908084 -0.824477 12.584414
v -0.467102 -0.837764 12.397635
v -0.096632 -0.264118 10.568598
v -0.096632 -0.614556 10.568598
v -0.533389 -0.797781 12.021531
v -1.001521 -0.788038 12.239033
v -1.095943 -0.735493 11.894386
v -0.600464 -0.741802 11.646792
v -0.243571 -0.745681 11.436494
v -0.215596 -0.804525 11.835697
v -0.057622 -0.429811 12.163813
v -0.188803 -0.429811 12.238720
v -0.188803 -0.841502 12.238720
v -0.057622 -0.841900 12.163813
v -0.065799 -0.798432 11.748100
v -0.074764 -0.740379 11.340843
v -1.602336 -0.775374 12.421629
v -1.680507 -0.726979 12.101925
v -1.527315 -0.429811 12.742909
v -2.316975 -0.429811 12.812916
v -2.316975 -0.785092 12.812916
v -1.527315 -0.807714 12.742909
v -1.764980 -0.678802 11.785370
v -2.437571 -0.673178 11.950421
v -2.487386 -0.633128 11.682646
v -1.848255 -0.633114 11.486021
v -2.350873 -0.758428 12.523580
v -2.389496 -0.715707 12.235622
v -3.262172 -0.737226 12.499143
v -3.258248 -0.702306 12.261695
v -3.269246 -0.405199 12.734226
v -4.236169 -0.375286 12.543025
v -4.236169 -0.725723 12.543025
v -3.269246 -0.755637 12.734226
v -3.260625 -0.666695 12.019523
v -4.128798 -0.659985 11.996488
v -4.099382 -0.633186 11.816627
v -3.265781 -0.633142 11.791396
v -4.198541 -0.715562 12.367935
v -4.162292 -0.688504 12.187528
v -5.022288 -0.692730 12.149574
v -4.977155 -0.672625 12.020504
v -5.069784 -0.345909 12.275495
v -5.708189 -0.318857 12.003098
v -5.708189 -0.669294 12.003098
v -5.069784 -0.696347 12.275495
v -4.936748 -0.651851 11.885132
v -5.596442 -0.643817 11.742871
v -5.570662 -0.633271 11.675943
v -4.903200 -0.633224 11.762980
v -5.668314 -0.671183 11.914518
v -5.630409 -0.657201 11.827316
v -6.071520 -0.656092 11.733222
v -6.049624 -0.646898 11.674657
v -6.089477 -0.299267 11.797301
v -6.281802 -0.291515 11.656428
v -6.281802 -0.655595 11.656428
v -6.089477 -0.649704 11.797301
v -5.986142 -0.264118 11.585093
v -5.564445 -0.264118 11.659804
v -5.564445 -0.614556 11.659804
v -5.986142 -0.614556 11.585093
v -0.190037 -0.855227 12.220156
v -0.470183 -0.851326 12.380151
v -6.353314 -0.276059 11.578807
v -6.351819 -0.270681 11.542262
v -6.351819 -0.634697 11.542262
v -6.353314 -0.640075 11.578807
v -6.019852 -0.638650 11.627118
v -6.325120 -0.265976 11.524620
v -6.220724 -0.264118 11.535644
v -6.220725 -0.614556 11.535644
v -6.325120 -0.629992 11.524620
v -5.701351 -0.683018 11.987909
v -6.084879 -0.663372 11.780893
v -6.333907 -0.650634 11.550109
v -6.318677 -0.647811 11.540059
v -4.898704 -0.264118 11.746611
v -4.096684 -0.264118 11.800131
v -4.096684 -0.614556 11.800131
v -4.898704 -0.614556 11.746611
v -4.232650 -0.739434 12.526653
v -5.063900 -0.710068 12.259892
v -3.266152 -0.264118 11.774986
v -2.490371 -0.264118 11.666599
v -2.490371 -0.614556 11.666599
v -3.266152 -0.614556 11.774986
v -2.318989 -0.798720 12.795727
v -3.268735 -0.769312 12.717251
v -1.852603 -0.264118 11.470391
v -1.289709 -0.264118 11.208769
v -1.289709 -0.614556 11.208769
v -1.852603 -0.614556 11.470391
v -0.273909 -0.687931 11.044931
v -0.738552 -0.264118 10.904140
v -0.305428 -0.264118 10.657189
v -0.305428 -0.614556 10.657189
v -0.738552 -0.614556 10.904140
v -0.912648 -0.838080 12.567543
v -1.531289 -0.821317 12.725889
v -0.085304 -0.684652 10.950493
v -0.304025 -0.633275 10.674454
v -0.096109 -0.633220 10.586245
v -0.057996 -0.855346 12.144807
v -6.228322 -0.645051 11.544233
v -5.998217 -0.633566 11.600147
v -6.335946 -0.656238 11.588324
v -6.278286 -0.661140 11.644010
v 0.737642 0.626718 10.908998
v 1.288391 0.626700 11.213404
v 0.305011 0.626749 10.662322
v 1.528479 0.818397 12.737925
v 0.909421 0.835160 12.579473
v 2.317565 0.795782 12.807880
v 1.851310 0.626700 11.475038
v 2.489484 0.626705 11.671370
v 3.269096 0.766341 12.729255
v 4.235138 0.736438 12.538230
v 3.266042 0.626709 11.779865
v 4.097486 0.626722 11.805035
v 5.068061 0.707065 12.270926
v 5.706186 0.680013 11.998650
v 4.900040 0.626733 11.751477
v 5.566293 0.626747 11.664602
v 6.323233 0.641910 11.529142
v 6.346573 0.646064 11.544560
v 6.223376 0.630249 11.538115
v 6.088130 0.660406 11.792496
v 6.280772 0.663918 11.652791
v 5.989732 0.626835 11.589569
v 6.348228 0.651508 11.581594
v 0.468004 0.848435 12.392514
v 0.189164 0.852221 12.233283
v 0.096476 0.626732 10.573844
v 0.000000 0.626753 10.564365
v 0.057731 0.852537 12.158246
v 0.000000 0.850011 12.125279
v -0.737656 0.626707 10.908926
v -1.288411 0.626689 11.213336
v -0.305017 0.626737 10.662246
v -1.528479 0.818397 12.737925
v -0.909421 0.835160 12.579473
v -2.317565 0.795782 12.807880
v -1.851329 0.626690 11.474969
v -2.489497 0.626694 11.671299
v -3.269096 0.766341 12.729255
v -4.235138 0.736438 12.538230
v -3.266044 0.626698 11.779793
v -4.097474 0.626711 11.804962
v -5.068061 0.707065 12.270926
v -5.706186 0.680013 11.998650
v -4.900021 0.626722 11.751405
v -5.566266 0.626736 11.664532
v -6.323233 0.641910 11.529142
v -6.346573 0.646064 11.544560
v -6.222950 0.630186 11.538159
v -6.088130 0.660406 11.792496
v -6.280772 0.663918 11.652791
v -5.989679 0.626822 11.589502
v -6.348228 0.651508 11.581594
v -0.468004 0.848435 12.392514
v -0.189164 0.852221 12.233283
v -0.096479 0.626721 10.573767
v -0.057731 0.852537 12.158246
v 0.737642 -0.626718 10.908998
v 1.288391 -0.626700 11.213404
v 0.305011 -0.626749 10.662322
v 1.528479 -0.818397 12.737925
v 0.909421 -0.835160 12.579473
v 2.317565 -0.795782 12.807880
v 1.851310 -0.626700 11.475038
v 2.489484 -0.626705 11.671370
v 3.269096 -0.766341 12.729255
v 4.235138 -0.736438 12.538230
v 3.266042 -0.626709 11.779865
v 4.097486 -0.626722 11.805035
v 5.068061 -0.707065 12.270926
v 5.706186 -0.680013 11.998650
v 4.900040 -0.626733 11.751477
v 5.566293 -0.626747 11.664602
v 6.323233 -0.641910 11.529142
v 6.346573 -0.646064 11.544560
v 6.223376 -0.630249 11.538115
v 6.088130 -0.660406 11.792496
v 6.280772 -0.663918 11.652791
v 5.989732 -0.626835 11.589569
v 6.348228 -0.651508 11.581594
v 0.468004 -0.848435 12.392514
v 0.189164 -0.852221 12.233283
v 0.096476 -0.626732 10.573844
v 0.000000 -0.626753 10.564365
v 0.057731 -0.852537 12.158246
v 0.000000 -0.850011 12.125279
v -0.737656 -0.626707 10.908926
v -1.288411 -0.626689 11.213336
v -0.305017 -0.626737 10.662246
v -1.528479 -0.818397 12.737925
v -0.909421 -0.835160 12.579473
v -2.317565 -0.795782 12.807880
v -1.851329 -0.626690 11.474969
v -2.489497 -0.626694 11.671299
v -3.269096 -0.766341 12.729255
v -4.235138 -0.736438 12.538230
v -3.266044 -0.626698 11.779793
v -4.097474 -0.626711 11.804962
v -5.068061 -0.707065 12.270926
v -5.706186 -0.680013 11.998650
v -4.900021 -0.626722 11.751405
v -5.566266 -0.626736 11.664532
v -6.323233 -0.641910 11.529142
v -6.346573 -0.646064 11.544560
v -6.222950 -0.630186 11.538159
v -6.088130 -0.660406 11.792496
v -6.280772 -0.663918 11.652791
v -5.989679 -0.626822 11.589502
v -6.348228 -0.651508 11.581594
v -0.468004 -0.848435 12.392514
v -0.189164 -0.852221 12.233283
v -0.096479 -0.626721 10.573767
v -0.057731 -0.852537 12.158246
v 1.319564 0.465073 29.423664
v 1.624231 0.434984 29.109076
v 1.390096 0.522899 28.920040
v 1.144228 0.561367 29.265291
v 1.322906 0.350224 27.183281
v 1.200740 0.341468 26.705776
v 1.110973 0.413979 26.826578
v 1.173340 0.416029 27.247433
v 1.541577 0.364221 27.680548
v 1.339011 0.446909 27.747314
v 1.424567 0.213313 27.125370
v 1.291113 0.206570 26.619013
v 1.987168 0.240945 28.852070
v 2.055772 0.227252 28.483898
v 1.930614 0.387555 28.459785
v 1.850279 0.410620 28.783829
v 1.271033 0.000000 25.945280
v 1.251131 0.000000 25.708418
v 1.145014 0.192504 25.678392
v 1.233936 0.198204 25.861101
v 1.060849 0.318261 25.766190
v 1.139443 0.327130 25.913000
v 0.840780 0.000000 30.007954
v 1.121119 0.000000 29.819519
v 1.091144 0.307688 29.791727
v 0.821230 0.314628 29.968466
v 1.031507 0.504810 29.685108
v 0.785924 0.537785 29.825672
v 1.700558 0.000000 27.623314
v 1.472294 0.000000 27.105131
v 1.660109 0.213803 27.642796
v 0.970595 0.591879 29.532955
v 0.775457 0.622187 29.547703
v 2.014927 0.000000 28.869057
v 2.077263 0.000000 28.488935
v 0.981086 0.382521 25.937878
v 1.039208 0.399829 26.162680
v 1.778645 0.373455 28.102234
v 1.576173 0.460705 28.151978
v 1.758119 0.466150 28.423431
v 1.619968 0.493182 28.628227
v 1.904322 0.218482 28.088167
v 1.937087 0.000000 28.080053
v 1.337145 0.000000 26.605175
v 1.455545 0.000000 29.547703
v 1.785349 0.000000 29.225359
v 1.754195 0.254492 29.201212
v 1.421369 0.272884 29.520370
v 0.888726 0.331390 27.079048
v 0.869784 0.401253 27.209646
v 0.647909 0.344358 27.829924
v 0.688240 0.445977 27.997917
v 0.158385 0.418397 28.470743
v 0.000000 0.422283 28.527168
v 0.000000 0.615083 28.626986
v 0.137112 0.551429 28.597977
v 0.965716 0.000000 26.989458
v 0.946470 0.198181 27.004961
v 0.691124 0.000000 27.698717
v 0.675239 0.207717 27.745996
v 0.188247 0.000000 28.435522
v 0.000000 0.000000 28.502342
v 0.000000 0.236774 28.508799
v 0.177942 0.240691 28.446171
v 0.204519 0.000000 30.261913
v 0.205230 0.340427 30.213749
v 0.000000 0.342295 30.214621
v 0.000000 0.000000 30.268215
v 0.188973 0.589293 30.042376
v 0.000000 0.600819 30.037035
v 0.159667 0.701953 29.688810
v 0.000000 0.760410 29.686293
v 0.321342 0.643523 29.062479
v 0.330355 0.683635 29.645603
v 0.540935 0.662432 29.578491
v 0.583991 0.592412 28.974264
v 0.879618 0.585321 29.106308
v 1.070066 0.526924 28.612339
v 1.335206 0.494418 28.316526
v 1.068115 0.451303 27.860992
v 1.005082 0.419931 27.228119
v 0.343671 0.527981 28.482239
v 0.562366 0.556578 29.932720
v 0.591516 0.325488 30.097940
v 0.603343 0.000000 30.141138
v 0.139077 0.677397 29.137920
v 0.364624 0.574202 30.007351
v 0.389216 0.334806 30.177668
v 0.395041 0.000000 30.222795
v 0.396754 0.235244 28.189545
v 0.365678 0.387798 28.245037
v 0.414099 0.000000 28.157209
v 0.000000 0.725528 29.171879
v -1.319564 0.465073 29.423664
v -1.144228 0.561367 29.265291
v -1.390096 0.522899 28.920040
v -1.624231 0.434984 29.109076
v -1.322906 0.350224 27.183281
v -1.173340 0.416029 27.247433
v -1.110973 0.413979 26.826578
v -1.200740 0.341468 26.705776
v -1.541577 0.364221 27.680548
v -1.339011 0.446909 27.747314
v -1.424567 0.213313 27.125370
v -1.291113 0.206570 26.619013
v -1.987168 0.240945 28.852070
v -1.850279 0.410620 28.783829
v -1.930614 0.387555 28.459785
v -2.055772 0.227252 28.483898
v -1.271033 0.000000 25.945280
v -1.233936 0.198204 25.861101
v -1.145014 0.192504 25.678392
v -1.251131 0.000000 25.708418
v -1.139443 0.327130 25.913000
v -1.060849 0.318261 25.766190
v -0.840780 0.000000 30.007954
v -0.821230 0.314628 29.968466
v -1.091144 0.307688 29.791727
v -1.121119 0.000000 29.819519
v -0.785924 0.537785 29.825672
v -1.031507 0.504810 29.685108
v -1.700558 0.000000 27.623314
v -1.660109 0.213803 27.642796
v -1.472294 0.000000 27.105131
v -0.775457 0.622187 29.547703
v -0.970595 0.591879 29.532955
v -2.014927 0.000000 28.869057
v -2.077263 0.000000 28.488935
v -1.039208 0.399829 26.162680
v -0.981086 0.382521 25.937878
v -1.778645 0.373455 28.102234
v -1.576173 0.460705 28.151978
v -1.619968 0.493182 28.628227
v -1.758119 0.466150 28.423431
v -1.904322 0.218482 28.088167
v -1.937087 0.000000 28.080053
v -1.337145 0.000000 26.605175
v -1.455545 0.000000 29.547703
v -1.421369 0.272884 29.520370
v -1.754195 0.254492 29.201212
v -1.785349 0.000000 29.225359
v -0.869784 0.401253 27.209646
v -0.888726 0.331390 27.079048
v -0.688240 0.445977 27.997917
v -0.647909 0.344358 27.829924
v -0.158385 0.418397 28.470743
v -0.137112 0.551429 28.597977
v -0.946470 0.198181 27.004961
v -0.965716 0.000000 26.989458
v -0.675239 0.207717 27.745996
v -0.691124 0.000000 27.698717
v -0.188247 0.000000 28.435522
v -0.177942 0.240691 28.446171
v -0.204519 0.000000 30.261913
v -0.205230 0.340427 30.213749
v -0.188973 0.589293 30.042376
v -0.159667 0.701953 29.688810
v -0.321342 0.643523 29.062479
v -0.583991 0.592412 28.974264
v -0.540935 0.662432 29.578491
v -0.330355 0.683635 29.645603
v -0.879618 0.585321 29.106308
v -1.070066 0.526924 28.612339
v -1.335206 0.494418 28.316526
v -1.068115 0.451303 27.860992
v -1.005082 0.419931 27.228119
v -0.343671 0.527981 28.482239
v -0.562366 0.556578 29.932720
v -0.591516 0.325488 30.097940
v -0.603343 0.000000 30.141138
v -0.139077 0.677397 29.137920
v -0.364624 0.574202 30.007351
v -0.389216 0.334806 30.177668
v -0.395041 0.000000 30.222795
v -0.365678 0.387798 28.245037
v -0.396754 0.235244 28.189545
v -0.414099 0.000000 28.157209
v 1.319564 -0.465073 29.423664
v 1.144228 -0.561367 29.265291
v 1.390096 -0.522899 28.920040
v 1.624231 -0.434984 29.109076
v 1.322906 -0.350224 27.183281
v 1.173340 -0.416029 27.247433
v 1.110973 -0.413979 26.826578
v 1.200740 -0.341468 26.705776
v 1.541577 -0.364221 27.680548
v 1.339011 -0.446909 27.747314
v 1.424567 -0.213313 27.125370
v 1.291113 -0.206570 26.619013
v 1.987168 -0.240945 28.852070
v 1.850279 -0.410620 28.783829
v 1.930614 -0.387555 28.459785
v 2.055772 -0.227252 28.483898
v 1.233936 -0.198204 25.861101
v 1.145014 -0.192504 25.678392
v 1.139443 -0.327130 25.913000
v 1.060849 -0.318261 25.766190
v 0.821230 -0.314628 29.968466
v 1.091144 -0.307688 29.791727
v 0.785924 -0.537785 29.825672
v 1.031507 -0.504810 29.685108
v 1.660109 -0.213803 27.642796
v 0.775457 -0.622187 29.547703
v 0.970595 -0.591879 29.532955
v 1.039208 -0.399829 26.162680
v 0.981086 -0.382521 25.937878
v 1.778645 -0.373455 28.102234
v 1.576173 -0.460705 28.151978
v 1.619968 -0.493182 28.628227
v 1.758119 -0.466150 28.423431
v 1.904322 -0.218482 28.088167
v 1.421369 -0.272884 29.520370
v 1.754195 -0.254492 29.201212
v 0.869784 -0.401253 27.209646
v 0.888726 -0.331390 27.079048
v 0.688240 -0.445977 27.997917
v 0.647909 -0.344358 27.829924
v 0.158385 -0.418397 28.470743
v 0.137112 -0.551429 28.597977
v 0.000000 -0.615083 28.626986
v 0.000000 -0.422283 28.527168
v 0.946470 -0.198181 27.004961
v 0.675239 -0.207717 27.745996
v 0.177942 -0.240691 28.446171
v 0.000000 -0.236774 28.508799
v 0.000000 -0.342295 30.214621
v 0.205230 -0.340427 30.213749
v 0.000000 -0.600819 30.037035
v 0.188973 -0.589293 30.042376
v 0.000000 -0.760410 29.686293
v 0.159667 -0.701953 29.688810
v 0.321342 -0.643523 29.062479
v 0.583991 -0.592412 28.974264
v 0.540935 -0.662432 29.578491
v 0.330355 -0.683635 29.645603
v 0.879618 -0.585321 29.106308
v 1.070066 -0.526924 28.612339
v 1.335206 -0.494418 28.316526
v 1.068115 -0.451303 27.860992
v 1.005082 -0.419931 27.228119
v 0.343671 -0.527981 28.482239
v 0.562366 -0.556578 29.932720
v 0.591516 -0.325488 30.097940
v 0.139077 -0.677397 29.137920
v 0.364624 -0.574202 30.007351
v 0.389216 -0.334806 30.177668
v 0.365678 -0.387798 28.245037
v 0.396754 -0.235244 28.189545
v 0.000000 -0.725528 29.171879
v -1.319564 -0.465073 29.423664
v -1.624231 -0.434984 29.109076
v -1.390096 -0.522899 28.920040
v -1.144228 -0.561367 29.265291
v -1.322906 -0.350224 27.183281
v -1.200740 -0.341468 26.705776
v -1.110973 -0.413979 26.826578
v -1.173340 -0.416029 27.247433
v -1.541577 -0.364221 27.680548
v -1.339011 -0.446909 27.747314
v -1.424567 -0.213313 27.125370
v -1.291113 -0.206570 26.619013
v -1.987168 -0.240945 28.852070
v -2.055772 -0.227252 28.483898
v -1.930614 -0.387555 28.459785
v -1.850279 -0.410620 28.783829
v -1.145014 -0.192504 25.678392
v -1.233936 -0.198204 25.861101
v -1.060849 -0.318261 25.766190
v -1.139443 -0.327130 25.913000
v -1.091144 -0.307688 29.791727
v -0.821230 -0.314628 29.968466
v -1.031507 -0.504810 29.685108
v -0.785924 -0.537785 29.825672
v -1.660109 -0.213803 27.642796
v -0.970595 -0.591879 29.532955
v -0.775457 -0.622187 29.547703
v -0.981086 -0.382521 25.937878
v -1.039208 -0.399829 26.162680
v -1.778645 -0.373455 28.102234
v -1.576173 -0.460705 28.151978
v -1.758119 -0.466150 28.423431
v -1.619968 -0.493182 28.628227
v -1.904322 -0.218482 28.088167
v -1.754195 -0.254492 29.201212
v -1.421369 -0.272884 29.520370
v -0.888726 -0.331390 27.079048
v -0.869784 -0.401253 27.209646
v -0.647909 -0.344358 27.829924
v -0.688240 -0.445977 27.997917
v -0.158385 -0.418397 28.470743
v -0.137112 -0.551429 28.597977
v -0.946470 -0.198181 27.004961
v -0.675239 -0.207717 27.745996
v -0.177942 -0.240691 28.446171
v -0.205230 -0.340427 30.213749
v -0.188973 -0.589293 30.042376
v -0.159667 -0.701953 29.688810
v -0.321342 -0.643523 29.062479
v -0.330355 -0.683635 29.645603
v -0.540935 -0.662432 29.578491
v -0.583991 -0.592412 28.974264
v -0.879618 -0.585321 29.106308
v -1.070066 -0.526924 28.612339
v -1.335206 -0.494418 28.316526
v -1.068115 -0.451303 27.860992
v -1.005082 -0.419931 27.228119
v -0.343671 -0.527981 28.482239
v -0.562366 -0.556578 29.932720
v -0.591516 -0.325488 30.097940
v -0.139077 -0.677397 29.137920
v -0.364624 -0.574202 30.007351
v -0.389216 -0.334806 30.177668
v -0.396754 -0.235244 28.189545
v -0.365678 -0.387798 28.245037
v -1.076943 -0.158009 27.874735
v -0.916103 -0.300550 27.874735
v -0.896050 -0.293971 28.805077
v -1.053370 -0.154550 28.805077
v 0.000000 -0.511327 27.874735
v 0.349921 -0.486300 27.874735
v 0.342261 -0.475656 28.805077
v 0.000000 -0.500134 28.805077
v 1.076943 -0.158008 27.874735
v 1.132365 0.000001 27.874735
v 1.107579 0.000001 28.805077
v 1.053370 -0.154549 28.805077
v -0.916103 0.300550 27.874735
v -1.076943 0.158009 27.874735
v -1.053370 0.154550 28.805077
v -0.896050 0.293972 28.805077
v 0.665586 0.413672 27.874735
v 0.349918 0.486301 27.874735
v 0.342259 0.475656 28.805077
v 0.651017 0.404618 28.805077
v -0.000000 0.511327 27.874735
v -0.349920 0.486301 27.874735
v -0.342261 0.475656 28.805077
v -0.000000 0.500134 28.805077
v -0.665588 -0.413672 27.874735
v -0.651018 -0.404617 28.805077
v 0.665588 -0.413672 27.874735
v 0.651019 -0.404617 28.805077
v 1.076943 0.158009 27.874735
v 1.053369 0.154551 28.805077
v -1.132365 0.000000 27.874735
v -1.107579 0.000000 28.805077
v -0.349920 -0.486300 27.874735
v -0.342260 -0.475656 28.805077
v 0.916103 -0.300550 27.874735
v 0.896050 -0.293971 28.805077
v -0.665588 0.413672 27.874735
v -0.651018 0.404617 28.805077
v 0.916102 0.300551 27.874735
v 0.896049 0.293972 28.805077
v 1.375327 0.451212 11.886925
v 0.999233 0.621039 11.886925
v 0.987410 0.613691 15.298906
v 1.359055 0.445873 15.298906
v 0.929039 0.577412 18.638882
v 1.278713 0.419515 18.638882
v 0.842690 0.523745 21.889097
v 1.159864 0.380523 21.889097
v 0.751888 0.467310 24.691235
v 1.034885 0.339521 24.691235
v 0.974765 0.319797 26.063255
v 0.708208 0.440162 26.063255
v 0.680155 0.422727 26.944393
v 0.936154 0.307130 26.944393
v -0.999235 0.621038 11.886925
v -1.375329 0.451211 11.886925
v -1.359056 0.445872 15.298906
v -0.987412 0.613690 15.298906
v -1.278714 0.419514 18.638882
v -0.929040 0.577412 18.638882
v -1.159865 0.380523 21.889097
v -0.842691 0.523745 21.889097
v -1.034886 0.339520 24.691235
v -0.751889 0.467310 24.691235
v -0.708209 0.440162 26.063255
v -0.974766 0.319796 26.063255
v -0.936155 0.307129 26.944393
v -0.680157 0.422727 26.944393
v 1.375329 -0.451210 11.886925
v 1.616796 -0.237215 11.886925
v 1.597667 -0.234408 15.298906
v 1.359057 -0.445872 15.298906
v 1.503219 -0.220551 18.638882
v 1.278715 -0.419514 18.638882
v 1.363504 -0.200052 21.889097
v 1.159866 -0.380522 21.889097
v 1.216582 -0.178496 24.691235
v 1.034887 -0.339520 24.691235
v 0.974766 -0.319796 26.063255
v 1.145906 -0.168126 26.063255
v 1.100517 -0.161467 26.944393
v 0.936156 -0.307129 26.944393
v -0.525328 -0.730074 11.886925
v 0.000001 -0.767646 11.886925
v 0.000001 -0.758563 15.298906
v -0.519113 -0.721436 15.298906
v 0.000001 -0.713720 18.638882
v -0.488425 -0.678788 18.638882
v 0.000000 -0.647384 21.889097
v -0.443029 -0.615699 21.889097
v 0.000000 -0.577626 24.691235
v -0.395291 -0.549355 24.691235
v -0.372327 -0.517441 26.063255
v 0.000000 -0.544070 26.063255
v 0.000000 -0.522519 26.944393
v -0.357579 -0.496945 26.944393
v -1.700000 -0.000000 11.886925
v -1.616796 -0.237216 11.886925
v -1.597666 -0.234409 15.298906
v -1.679886 -0.000000 15.298906
v -1.503219 -0.220552 18.638882
v -1.580578 0.000000 18.638882
v -1.363503 -0.200053 21.889097
v -1.433672 0.000000 21.889097
v -1.216582 -0.178496 24.691235
v -1.279190 0.000000 24.691235
v -1.204877 0.000000 26.063255
v -1.145906 -0.168127 26.063255
v -1.100517 -0.161467 26.944393
v -1.157152 0.000000 26.944393
v 1.616795 0.237216 11.886925
v 1.597665 0.234410 15.298906
v 1.503218 0.220552 18.638882
v 1.363503 0.200053 21.889097
v 1.216581 0.178497 24.691235
v 1.145905 0.168127 26.063255
v 1.100516 0.161468 26.944393
v -0.525329 0.730074 11.886925
v -0.519113 0.721436 15.298906
v -0.488425 0.678788 18.638882
v -0.443029 0.615699 21.889097
v -0.395291 0.549355 24.691235
v -0.372327 0.517441 26.063255
v -0.357580 0.496945 26.944393
v 0.999236 -0.621038 11.886925
v 0.987413 -0.613690 15.298906
v 0.929041 -0.577411 18.638882
v 0.842692 -0.523744 21.889097
v 0.751890 -0.467309 24.691235
v 0.708209 -0.440161 26.063255
v 0.680157 -0.422727 26.944393
v -0.999235 -0.621038 11.886925
v -0.987412 -0.613690 15.298906
v -0.929040 -0.577412 18.638882
v -0.842691 -0.523745 21.889097
v -0.751889 -0.467309 24.691235
v -0.708209 -0.440162 26.063255
v -0.680157 -0.422727 26.944393
v 0.525326 0.730075 11.886925
v 0.000000 0.767646 11.886925
v -0.000000 0.758563 15.298906
v 0.519111 0.721437 15.298906
v -0.000000 0.713720 18.638882
v 0.488423 0.678788 18.638882
v -0.000000 0.647384 21.889097
v 0.443027 0.615699 21.889097
v -0.000000 0.577626 24.691235
v 0.395290 0.549356 24.691235
v 0.372326 0.517441 26.063255
v -0.000000 0.544070 26.063255
v -0.000000 0.522519 26.944393
v 0.357578 0.496946 26.944393
v -1.616796 0.237216 11.886925
v -1.597666 0.234409 15.298906
v -1.503219 0.220552 18.638882
v -1.363503 0.200053 21.889097
v -1.216582 0.178496 24.691235
v -1.145906 0.168127 26.063255
v -1.100517 0.161467 26.944393
v 1.700000 0.000001 11.886925
v 1.679886 0.000001 15.298906
v 1.580578 0.000001 18.638882
v 1.433672 0.000001 21.889097
v 1.279190 0.000001 24.691235
v 1.204877 0.000001 26.063255
v 1.157152 0.000001 26.944393
v 0.525330 -0.730074 11.886925
v 0.519114 -0.721436 15.298906
v 0.488426 -0.678788 18.638882
v 0.443030 -0.615698 21.889097
v 0.395292 -0.549355 24.691235
v 0.372328 -0.517441 26.063255
v 0.357580 -0.496945 26.944393
v -1.375329 -0.451211 11.886925
v -1.359056 -0.445872 15.298906
v -1.278714 -0.419514 18.638882
v -1.159865 -0.380523 21.889097
v -1.034886 -0.339520 24.691235
v -0.974766 -0.319796 26.063255
v -0.936155 -0.307129 26.944393
vn -0.4437 0.0000 0.8961
vn -0.3199 0.0000 0.9474
vn -0.3061 0.2191 0.9264
vn -0.4273 0.2169 0.8777
vn 0.2437 -0.0011 -0.9698
vn 0.0000 -0.0022 -1.0000
vn 0.0001 0.1979 -0.9802
vn 0.2385 0.1936 -0.9516
vn 0.0869 0.9876 -0.1306
vn 0.0716 0.9886 -0.1326
vn 0.0702 0.9886 -0.1327
vn 0.0847 0.9875 -0.1332
vn 0.0686 0.9880 -0.1381
vn 0.0731 0.9882 -0.1344
vn -0.4838 0.0021 0.8752
vn -0.4959 0.0000 0.8684
vn -0.4830 0.2140 0.8491
vn -0.4870 0.2153 0.8464
vn -0.0797 0.9878 -0.1337
vn -0.0678 0.9881 -0.1381
vn -0.1513 0.9414 -0.3012
vn -0.1642 0.9426 -0.2906
vn 0.0446 0.9892 -0.1397
vn 0.0446 0.9890 -0.1406
vn 0.0000 0.9901 -0.1402
vn 0.0000 0.9901 -0.1406
vn 0.0516 0.9892 -0.1374
vn 0.0520 0.9892 -0.1370
vn -0.1687 0.0000 0.9857
vn -0.0030 0.0000 1.0000
vn 0.0021 0.2157 0.9764
vn -0.1594 0.2188 0.9626
vn 0.0523 0.9892 -0.1367
vn 0.0313 0.9893 -0.1422
vn 0.0672 0.9503 -0.3038
vn 0.1122 0.9492 -0.2937
vn 0.0303 0.9893 -0.1427
vn 0.0309 0.9893 -0.1424
vn 0.0107 0.9892 -0.1460
vn 0.0114 0.9892 -0.1458
vn 0.1384 0.0000 0.9904
vn 0.2502 0.0000 0.9682
vn 0.2507 0.2113 0.9447
vn 0.1408 0.2128 0.9669
vn 0.0118 0.9893 -0.1456
vn -0.0033 0.9892 -0.1467
vn -0.0065 0.9496 -0.3133
vn 0.0260 0.9495 -0.3127
vn -0.0047 0.9890 -0.1474
vn -0.0039 0.9891 -0.1471
vn -0.0163 0.9888 -0.1480
vn -0.0155 0.9890 -0.1474
vn 0.3494 0.0000 0.9369
vn 0.4342 0.0000 0.9008
vn 0.4321 0.2108 0.8768
vn 0.3486 0.2112 0.9131
vn -0.0149 0.9890 -0.1468
vn -0.0241 0.9887 -0.1480
vn -0.0491 0.9484 -0.3131
vn -0.0314 0.9494 -0.3126
vn -0.0246 0.9888 -0.1468
vn -0.0245 0.9888 -0.1471
vn -0.0562 0.9878 -0.1454
vn -0.0515 0.9888 -0.1400
vn 0.5342 0.0000 0.8453
vn 0.6663 0.0000 0.7457
vn 0.6556 0.1762 0.7342
vn 0.5235 0.2014 0.8279
vn -0.1904 0.0000 -0.9817
vn -0.1519 0.0000 -0.9884
vn -0.1484 0.1943 -0.9696
vn -0.1881 0.1711 -0.9671
vn -0.0176 0.9990 0.0403
vn -0.0048 0.9987 0.0499
vn 0.9387 0.0000 0.3446
vn 0.8708 0.0000 -0.4915
vn 0.8406 0.2134 -0.4978
vn 0.9392 0.1960 0.2819
vn -0.0458 0.9919 -0.1188
vn 0.2371 0.0000 -0.9715
vn -0.1558 0.0000 -0.9878
vn -0.1634 0.1273 -0.9783
vn 0.2199 0.1585 -0.9626
vn 0.0639 0.9973 0.0357
vn 0.0095 0.9996 -0.0259
vn 0.1056 0.9639 -0.2442
vn -0.0239 0.8977 -0.4399
vn -0.0980 0.0000 -0.9952
vn -0.0182 0.0000 -0.9998
vn -0.0170 0.1920 -0.9812
vn -0.0955 0.1933 -0.9764
vn 0.0461 0.9977 0.0493
vn 0.0542 0.9977 0.0416
vn 0.0844 0.0000 -0.9964
vn 0.2169 0.0000 -0.9762
vn 0.2132 0.1905 -0.9582
vn 0.0833 0.1906 -0.9781
vn 0.0308 0.9978 0.0589
vn 0.0392 0.9978 0.0535
vn 0.0689 0.9887 -0.1327
vn 0.3586 0.0000 -0.9335
vn 0.4529 0.0000 -0.8916
vn 0.4457 0.1852 -0.8758
vn 0.3529 0.1886 -0.9165
vn 0.0797 0.9878 -0.1337
vn 0.0678 0.9881 -0.1381
vn 0.4895 0.0000 -0.8720
vn 0.4437 0.0000 -0.8961
vn 0.4338 0.1852 -0.8817
vn 0.4815 0.1827 -0.8572
vn 0.0090 0.9984 0.0548
vn 0.0186 0.9981 0.0581
vn 0.2407 0.0000 -0.9706
vn 0.0000 0.0000 -1.0000
vn 0.0444 0.9891 -0.1405
vn 0.1503 0.9423 -0.2992
vn 0.0880 0.9446 -0.3160
vn 0.0001 0.9487 -0.3160
vn 0.0000 0.9899 -0.1414
vn 0.0000 0.9997 -0.0258
vn -0.0468 0.9983 0.0335
vn 0.1631 0.9434 -0.2887
vn 0.8708 0.0000 -0.4916
vn -0.1048 0.8846 -0.4544
vn -0.0978 0.9166 -0.3875
vn 0.0000 0.0048 1.0000
vn 0.0000 0.0000 1.0000
vn -0.4716 0.0000 0.8818
vn 0.0000 0.2548 0.9670
vn 0.1459 0.9465 -0.2877
vn 0.0822 0.9933 -0.0811
vn 0.0006 0.9972 -0.0741
vn 0.4437 0.0000 0.8961
vn 0.4273 0.2169 0.8777
vn 0.3061 0.2191 0.9264
vn 0.3199 0.0000 0.9474
vn 0.4959 0.0000 0.8684
vn 0.4829 0.2140 0.8491
vn -0.0869 0.9876 -0.1306
vn -0.0847 0.9875 -0.1332
vn -0.0702 0.9886 -0.1327
vn -0.0716 0.9886 -0.1326
vn -0.0731 0.9882 -0.1344
vn -0.0686 0.9880 -0.1381
vn 0.4838 0.0021 0.8752
vn 0.4870 0.2153 0.8464
vn -0.0446 0.9892 -0.1397
vn -0.0446 0.9890 -0.1406
vn -0.0516 0.9892 -0.1374
vn -0.0520 0.9892 -0.1370
vn 0.1687 0.0000 0.9857
vn 0.1594 0.2188 0.9626
vn -0.0021 0.2157 0.9764
vn 0.0030 0.0000 1.0000
vn -0.0309 0.9893 -0.1424
vn -0.0303 0.9893 -0.1427
vn -0.0107 0.9892 -0.1460
vn -0.0114 0.9892 -0.1458
vn -0.1384 0.0000 0.9904
vn -0.1408 0.2128 0.9669
vn -0.2507 0.2113 0.9447
vn -0.2502 0.0000 0.9682
vn 0.0039 0.9891 -0.1471
vn 0.0047 0.9890 -0.1474
vn 0.0163 0.9888 -0.1480
vn 0.0155 0.9890 -0.1474
vn -0.3494 0.0000 0.9369
vn -0.3486 0.2112 0.9131
vn -0.4321 0.2108 0.8768
vn -0.4342 0.0000 0.9008
vn 0.0245 0.9888 -0.1471
vn 0.0246 0.9888 -0.1468
vn 0.0562 0.9878 -0.1454
vn 0.0515 0.9888 -0.1400
vn -0.5342 0.0000 0.8453
vn -0.5235 0.2014 0.8279
vn -0.6556 0.1762 0.7342
vn -0.6663 0.0000 0.7457
vn -0.9387 0.0000 0.3446
vn -0.9392 0.1960 0.2819
vn 0.1904 0.0000 -0.9817
vn 0.1558 0.0000 -0.9878
vn 0.1631 0.1263 -0.9785
vn 0.1882 0.1690 -0.9675
vn 0.0461 0.9917 -0.1199
vn 0.0241 0.9887 -0.1480
vn -0.2371 0.0000 -0.9715
vn -0.2199 0.1585 -0.9626
vn -0.8708 0.0000 -0.4916
vn -0.8406 0.2134 -0.4978
vn 0.0980 0.0000 -0.9952
vn 0.1519 0.0000 -0.9884
vn 0.1485 0.1919 -0.9701
vn 0.0956 0.1909 -0.9769
vn 0.0149 0.9890 -0.1468
vn 0.0033 0.9892 -0.1467
vn 0.0170 0.1896 -0.9817
vn 0.0182 0.0000 -0.9998
vn -0.0844 0.0000 -0.9964
vn -0.0833 0.1882 -0.9786
vn -0.0118 0.9893 -0.1456
vn -0.0313 0.9893 -0.1422
vn -0.2133 0.1881 -0.9587
vn -0.2169 0.0000 -0.9762
vn -0.3586 0.0000 -0.9335
vn -0.3530 0.1862 -0.9169
vn -0.0523 0.9892 -0.1367
vn -0.0689 0.9887 -0.1327
vn -0.4459 0.1829 -0.8762
vn -0.4529 0.0000 -0.8916
vn -0.4895 0.0000 -0.8720
vn -0.4817 0.1804 -0.8575
vn -0.4340 0.1829 -0.8821
vn -0.4437 0.0000 -0.8961
vn -0.2437 -0.0011 -0.9698
vn -0.2407 0.0000 -0.9706
vn 0.0176 0.9990 0.0403
vn 0.0468 0.9983 0.0335
vn -0.0444 0.9891 -0.1405
vn -0.0884 0.9440 -0.3179
vn -0.2385 0.1919 -0.9520
vn -0.0308 0.9978 0.0589
vn -0.0186 0.9981 0.0581
vn -0.1469 0.9458 -0.2897
vn 0.0065 0.9489 -0.3155
vn 0.0316 0.9486 -0.3147
vn -0.0542 0.9977 0.0416
vn -0.0461 0.9977 0.0493
vn 0.0982 0.9155 -0.3901
vn 0.1062 0.8839 -0.4553
vn 0.0242 0.8980 -0.4393
vn 0.0495 0.9477 -0.3152
vn -0.1130 0.9485 -0.2957
vn -0.0090 0.9984 0.0548
vn -0.0822 0.9933 -0.0811
vn -0.0006 0.9972 -0.0741
vn -0.0095 0.9996 -0.0259
vn -0.1056 0.9639 -0.2442
vn 0.4716 0.0000 0.8818
vn 0.0797 -0.9878 -0.1337
vn 0.0678 -0.9881 -0.1381
vn 0.1503 -0.9423 -0.2992
vn 0.1631 -0.9434 -0.2887
vn -0.0392 0.9978 0.0535
vn -0.0676 0.9496 -0.3059
vn 0.0048 0.9987 0.0499
vn -0.0639 0.9973 0.0357
vn -0.0262 0.9488 -0.3148
vn -0.4273 -0.2169 0.8777
vn -0.3061 -0.2191 0.9264
vn -0.4829 -0.2140 0.8491
vn 0.0869 -0.9876 -0.1306
vn 0.0847 -0.9875 -0.1332
vn 0.0702 -0.9886 -0.1327
vn 0.0716 -0.9886 -0.1326
vn 0.0731 -0.9882 -0.1344
vn 0.0686 -0.9880 -0.1381
vn -0.4838 -0.0021 0.8752
vn -0.4870 -0.2153 0.8464
vn 0.0000 -0.0048 1.0000
vn 0.0000 -0.2548 0.9670
vn 0.0446 -0.9892 -0.1397
vn 0.0446 -0.9890 -0.1406
vn 0.0000 -0.9901 -0.1406
vn 0.0000 -0.9901 -0.1402
vn 0.0516 -0.9892 -0.1374
vn 0.0520 -0.9892 -0.1370
vn -0.1594 -0.2188 0.9626
vn 0.0021 -0.2157 0.9764
vn 0.0309 -0.9893 -0.1424
vn 0.0303 -0.9893 -0.1427
vn 0.0107 -0.9892 -0.1460
vn 0.0114 -0.9892 -0.1458
vn 0.1408 -0.2128 0.9669
vn 0.2507 -0.2113 0.9447
vn -0.0039 -0.9891 -0.1471
vn -0.0047 -0.9890 -0.1474
vn -0.0163 -0.9888 -0.1480
vn -0.0155 -0.9890 -0.1474
vn 0.3486 -0.2112 0.9131
vn 0.4321 -0.2108 0.8768
vn -0.0245 -0.9888 -0.1471
vn -0.0246 -0.9888 -0.1468
vn -0.0562 -0.9878 -0.1454
vn -0.0515 -0.9888 -0.1400
vn 0.5235 -0.2014 0.8279
vn 0.6556 -0.1762 0.7342
vn 0.9392 -0.1960 0.2819
vn -0.1634 -0.1273 -0.9783
vn -0.1881 -0.1711 -0.9671
vn -0.0458 -0.9919 -0.1188
vn -0.0241 -0.9887 -0.1480
vn 0.2199 -0.1585 -0.9626
vn 0.8406 -0.2134 -0.4978
vn -0.1484 -0.1943 -0.9696
vn -0.0955 -0.1933 -0.9764
vn -0.0149 -0.9890 -0.1468
vn -0.0033 -0.9892 -0.1467
vn -0.0170 -0.1920 -0.9812
vn 0.0833 -0.1906 -0.9781
vn 0.0118 -0.9893 -0.1456
vn 0.0313 -0.9893 -0.1422
vn 0.2132 -0.1905 -0.9582
vn 0.3529 -0.1886 -0.9165
vn 0.0523 -0.9892 -0.1367
vn 0.0689 -0.9887 -0.1327
vn 0.4457 -0.1852 -0.8758
vn 0.4815 -0.1827 -0.8572
vn 0.4338 -0.1852 -0.8817
vn 0.2437 0.0011 -0.9698
vn 0.0000 0.0022 -1.0000
vn -0.0176 -0.9990 0.0403
vn -0.0468 -0.9983 0.0335
vn 0.0444 -0.9891 -0.1405
vn 0.0000 -0.9899 -0.1414
vn 0.0001 -0.9487 -0.3160
vn 0.0880 -0.9446 -0.3160
vn 0.2384 -0.1936 -0.9516
vn 0.0001 -0.1979 -0.9802
vn 0.0308 -0.9978 0.0589
vn 0.0186 -0.9981 0.0581
vn 0.1459 -0.9465 -0.2877
vn -0.0065 -0.9496 -0.3133
vn -0.0314 -0.9494 -0.3126
vn 0.0542 -0.9977 0.0416
vn 0.0461 -0.9977 0.0493
vn -0.0978 -0.9166 -0.3875
vn -0.1048 -0.8846 -0.4544
vn -0.0239 -0.8977 -0.4399
vn -0.0491 -0.9484 -0.3131
vn 0.1122 -0.9492 -0.2937
vn 0.0090 -0.9984 0.0548
vn 0.0822 -0.9933 -0.0811
vn 0.0006 -0.9972 -0.0741
vn 0.0095 -0.9996 -0.0259
vn 0.1056 -0.9639 -0.2442
vn -0.0797 -0.9878 -0.1337
vn -0.0689 -0.9887 -0.1327
vn -0.1469 -0.9458 -0.2897
vn -0.1642 -0.9426 -0.2906
vn 0.0000 -0.9997 -0.0258
vn 0.0392 -0.9978 0.0535
vn 0.0672 -0.9503 -0.3038
vn -0.0048 -0.9987 0.0499
vn 0.0639 -0.9973 0.0357
vn 0.0260 -0.9495 -0.3127
vn 0.3061 -0.2191 0.9264
vn 0.4273 -0.2169 0.8777
vn -0.2437 0.0011 -0.9698
vn -0.2385 -0.1919 -0.9520
vn -0.0869 -0.9876 -0.1306
vn -0.0716 -0.9886 -0.1326
vn -0.0702 -0.9886 -0.1327
vn -0.0847 -0.9875 -0.1332
vn -0.0686 -0.9880 -0.1381
vn -0.0731 -0.9882 -0.1344
vn 0.4838 -0.0021 0.8752
vn 0.4830 -0.2140 0.8491
vn 0.4870 -0.2153 0.8464
vn -0.0446 -0.9892 -0.1397
vn -0.0446 -0.9890 -0.1406
vn -0.0516 -0.9892 -0.1374
vn -0.0520 -0.9892 -0.1370
vn -0.0021 -0.2157 0.9764
vn 0.1594 -0.2188 0.9626
vn -0.0523 -0.9892 -0.1367
vn -0.0313 -0.9893 -0.1422
vn -0.0676 -0.9496 -0.3059
vn -0.1130 -0.9485 -0.2957
vn -0.0303 -0.9893 -0.1427
vn -0.0309 -0.9893 -0.1424
vn -0.0107 -0.9892 -0.1460
vn -0.0114 -0.9892 -0.1458
vn -0.2507 -0.2113 0.9447
vn -0.1408 -0.2128 0.9669
vn -0.0118 -0.9893 -0.1456
vn 0.0033 -0.9892 -0.1467
vn 0.0065 -0.9489 -0.3155
vn -0.0262 -0.9488 -0.3148
vn 0.0047 -0.9890 -0.1474
vn 0.0039 -0.9891 -0.1471
vn 0.0163 -0.9888 -0.1480
vn 0.0155 -0.9890 -0.1474
vn -0.4321 -0.2108 0.8768
vn -0.3486 -0.2112 0.9131
vn 0.0149 -0.9890 -0.1468
vn 0.0241 -0.9887 -0.1480
vn 0.0495 -0.9477 -0.3152
vn 0.0316 -0.9486 -0.3147
vn 0.0246 -0.9888 -0.1468
vn 0.0245 -0.9888 -0.1471
vn 0.0562 -0.9878 -0.1454
vn 0.0515 -0.9888 -0.1400
vn -0.6556 -0.1762 0.7342
vn -0.5235 -0.2014 0.8279
vn 0.1485 -0.1919 -0.9701
vn 0.1882 -0.1690 -0.9675
vn 0.0176 -0.9990 0.0403
vn 0.0048 -0.9987 0.0499
vn -0.8708 0.0000 -0.4915
vn -0.8406 -0.2134 -0.4978
vn -0.9392 -0.1960 0.2819
vn 0.0461 -0.9917 -0.1199
vn 0.1631 -0.1263 -0.9785
vn -0.2199 -0.1585 -0.9626
vn -0.0639 -0.9973 0.0357
vn -0.0095 -0.9996 -0.0259
vn -0.1056 -0.9639 -0.2442
vn 0.0242 -0.8980 -0.4393
vn 0.0170 -0.1896 -0.9817
vn 0.0956 -0.1909 -0.9769
vn -0.0461 -0.9977 0.0493
vn -0.0542 -0.9977 0.0416
vn -0.2133 -0.1881 -0.9587
vn -0.0833 -0.1882 -0.9786
vn -0.0308 -0.9978 0.0589
vn -0.0392 -0.9978 0.0535
vn -0.4459 -0.1829 -0.8762
vn -0.3530 -0.1862 -0.9169
vn -0.0678 -0.9881 -0.1381
vn -0.4340 -0.1829 -0.8821
vn -0.4817 -0.1804 -0.8575
vn -0.0090 -0.9984 0.0548
vn -0.0186 -0.9981 0.0581
vn -0.0444 -0.9891 -0.1405
vn -0.1513 -0.9414 -0.3012
vn -0.0884 -0.9440 -0.3179
vn 0.0468 -0.9983 0.0335
vn 0.1061 -0.8839 -0.4553
vn 0.0982 -0.9155 -0.3901
vn -0.0822 -0.9933 -0.0811
vn -0.0006 -0.9972 -0.0741
vn 0.3717 0.6509 -0.6619
vn 0.3412 0.6581 -0.6711
vn 0.3369 0.6501 -0.6811
vn -0.0877 0.7671 0.6354
vn -0.1854 0.7692 0.6114
vn 0.0207 0.7625 0.6466
vn 0.2676 0.6664 -0.6959
vn 0.1610 0.6704 -0.7243
vn 0.1126 0.7617 0.6380
vn 0.1856 0.7598 0.6230
vn 0.0629 0.6684 -0.7411
vn -0.0133 0.6698 -0.7424
vn 0.2519 0.7608 0.5981
vn 0.3103 0.7597 0.5714
vn -0.0726 0.6704 -0.7384
vn -0.1128 0.6701 -0.7336
vn 0.1214 0.5529 -0.8243
vn 0.5753 0.6943 -0.4322
vn -0.1621 0.4642 -0.8707
vn 0.3459 0.7785 0.5238
vn 0.4295 0.7931 0.4317
vn -0.1623 0.5976 -0.7851
vn 0.6853 0.7028 0.1909
vn -0.2710 0.7687 0.5793
vn -0.3103 0.7716 0.5553
vn 0.1865 0.6582 -0.7294
vn 0.0002 0.6691 -0.7431
vn -0.3255 0.7711 0.5473
vn 0.0000 0.8657 0.5005
vn -0.3732 0.6473 -0.6646
vn -0.3427 0.6545 -0.6739
vn -0.3382 0.6466 -0.6838
vn 0.0877 0.7671 0.6354
vn 0.1854 0.7692 0.6114
vn -0.0207 0.7625 0.6466
vn -0.2688 0.6629 -0.6988
vn -0.1617 0.6668 -0.7274
vn -0.1126 0.7617 0.6380
vn -0.1856 0.7598 0.6230
vn -0.0632 0.6648 -0.7443
vn 0.0133 0.6662 -0.7456
vn -0.2519 0.7608 0.5981
vn -0.3103 0.7597 0.5714
vn 0.0729 0.6669 -0.7416
vn 0.1133 0.6666 -0.7367
vn -0.1213 0.5535 -0.8240
vn -0.5753 0.6943 -0.4322
vn 0.1619 0.4625 -0.8717
vn -0.3459 0.7784 0.5238
vn -0.4295 0.7931 0.4317
vn 0.1627 0.5942 -0.7877
vn -0.6853 0.7028 0.1909
vn 0.2710 0.7687 0.5793
vn 0.3103 0.7716 0.5553
vn -0.1869 0.6556 -0.7316
vn 0.3255 0.7711 0.5473
vn 0.3717 -0.6509 -0.6619
vn 0.3412 -0.6581 -0.6711
vn 0.3369 -0.6501 -0.6811
vn -0.0877 -0.7671 0.6354
vn -0.1854 -0.7692 0.6114
vn 0.0207 -0.7625 0.6466
vn 0.2676 -0.6664 -0.6959
vn 0.1610 -0.6704 -0.7243
vn 0.1126 -0.7617 0.6380
vn 0.1856 -0.7598 0.6230
vn 0.0629 -0.6684 -0.7411
vn -0.0133 -0.6698 -0.7424
vn 0.2519 -0.7608 0.5981
vn 0.3103 -0.7597 0.5714
vn -0.0726 -0.6704 -0.7384
vn -0.1128 -0.6701 -0.7336
vn 0.1214 -0.5529 -0.8243
vn 0.5753 -0.6943 -0.4322
vn -0.1621 -0.4642 -0.8707
vn 0.3459 -0.7784 0.5238
vn 0.4295 -0.7931 0.4317
vn -0.1623 -0.5976 -0.7851
vn 0.6853 -0.7028 0.1909
vn -0.2710 -0.7687 0.5793
vn -0.3103 -0.7716 0.5553
vn 0.1865 -0.6582 -0.7294
vn 0.0002 -0.6691 -0.7431
vn -0.3255 -0.7711 0.5473
vn 0.0000 -0.8657 0.5005
vn -0.3732 -0.6473 -0.6646
vn -0.3427 -0.6545 -0.6739
vn -0.3382 -0.6466 -0.6838
vn 0.0877 -0.7671 0.6354
vn 0.1854 -0.7692 0.6114
vn -0.0207 -0.7625 0.6466
vn -0.2688 -0.6629 -0.6988
vn -0.1617 -0.6668 -0.7274
vn -0.1126 -0.7617 0.6380
vn -0.1856 -0.7598 0.6230
vn -0.0632 -0.6648 -0.7443
vn 0.0133 -0.6662 -0.7456
vn -0.2519 -0.7608 0.5981
vn -0.3103 -0.7597 0.5714
vn 0.0729 -0.6669 -0.7416
vn 0.1133 -0.6666 -0.7367
vn -0.1213 -0.5534 -0.8240
vn -0.5753 -0.6943 -0.4322
vn 0.1619 -0.4625 -0.8717
vn -0.3459 -0.7785 0.5238
vn -0.4295 -0.7931 0.4317
vn 0.1627 -0.5942 -0.7877
vn -0.6853 -0.7028 0.1909
vn 0.2710 -0.7687 0.5793
vn 0.3103 -0.7716 0.5553
vn -0.1869 -0.6556 -0.7316
vn 0.3255 -0.7711 0.5473
vn 0.4827 0.7812 0.3958
vn 0.4682 0.8240 0.3189
vn 0.1823 0.9826 0.0355
vn 0.2304 0.9709 0.0655
vn 0.5617 0.8019 -0.2034
vn 0.6386 0.7608 -0.1155
vn 0.2377 0.9698 -0.0546
vn 0.1854 0.9786 -0.0887
vn 0.5213 0.8061 -0.2799
vn 0.1649 0.9780 -0.1274
vn 0.8408 0.4504 -0.3002
vn 0.8919 0.4267 -0.1494
vn 0.8546 0.3992 0.3321
vn 0.9243 0.3720 -0.0844
vn 0.6214 0.7777 -0.0945
vn 0.5403 0.8193 0.1917
vn 0.9888 0.0000 -0.1491
vn 0.1814 0.0000 -0.9834
vn -0.2027 0.2728 -0.9404
vn 0.8698 0.4435 -0.2163
vn -0.4952 0.5708 -0.6550
vn 0.5817 0.7912 -0.1889
vn 0.5234 0.0000 0.8520
vn 0.5971 0.0000 0.8021
vn 0.5722 0.3485 0.7424
vn 0.4924 0.3424 0.8002
vn 0.4444 0.7448 0.4977
vn 0.3508 0.7707 0.5318
vn 0.8978 0.0000 -0.4403
vn 0.9424 0.0000 -0.3345
vn 0.8079 0.4269 -0.4061
vn 0.2584 0.9523 0.1625
vn 0.1722 0.9785 0.1137
vn 0.9296 0.0000 0.3684
vn 0.9965 0.0000 -0.0837
vn -0.7359 0.6097 -0.2944
vn 0.1909 0.9797 -0.0608
vn 0.5585 0.7722 -0.3027
vn 0.2036 0.9673 -0.1509
vn 0.2840 0.9542 -0.0934
vn 0.1939 0.9809 0.0131
vn 0.8392 0.3797 -0.3892
vn 0.9138 0.0000 -0.4061
vn 0.9850 0.0000 -0.1724
vn 0.6686 0.0000 0.7436
vn 0.7726 0.0000 0.6349
vn 0.7143 0.4071 0.5692
vn 0.6383 0.3765 0.6713
vn -0.9448 -0.2629 -0.1954
vn -0.5479 0.8220 -0.1549
vn -0.8455 0.3396 -0.4121
vn -0.2717 0.9292 -0.2506
vn -0.4259 0.4216 -0.8005
vn 0.0000 0.3670 -0.9302
vn 0.0000 0.8768 -0.4809
vn -0.0206 0.8615 -0.5073
vn -0.9644 0.0000 -0.2645
vn -0.9422 -0.2412 -0.2323
vn -0.9039 0.0000 -0.4277
vn -0.9043 -0.0190 -0.4264
vn -0.5801 0.0000 -0.8145
vn 0.0000 0.0000 -1.0000
vn 0.0000 0.0635 -0.9980
vn -0.5712 0.0457 -0.8195
vn 0.1080 0.0000 0.9941
vn 0.1075 0.3639 0.9252
vn 0.0000 0.3675 0.9300
vn 0.0000 0.0000 1.0000
vn 0.1364 0.7833 0.6064
vn 0.0000 0.7926 0.6097
vn 0.2015 0.9683 0.1477
vn 0.0000 0.9897 0.1430
vn 0.0861 0.9869 -0.1360
vn 0.1503 0.9828 0.1065
vn 0.1550 0.9844 0.0831
vn 0.0746 0.9895 -0.1239
vn 0.0917 0.9924 -0.0822
vn 0.0421 0.9948 -0.0921
vn 0.0335 0.9963 -0.0794
vn -0.0163 0.9970 -0.0753
vn -0.0512 0.9979 -0.0390
vn -0.1528 0.9214 -0.3572
vn 0.2997 0.7885 0.5369
vn 0.4089 0.3550 0.8407
vn 0.4305 0.0000 0.9026
vn 0.2163 0.9676 -0.1303
vn 0.2275 0.7937 0.5641
vn 0.2776 0.3615 0.8901
vn 0.2836 0.0000 0.9589
vn -0.8044 0.0503 -0.5919
vn -0.6659 0.4511 -0.5941
vn -0.8160 0.0000 -0.5780
vn 0.0000 0.9921 -0.1253
vn -0.4827 0.7812 0.3958
vn -0.2304 0.9709 0.0655
vn -0.1823 0.9826 0.0355
vn -0.4682 0.8240 0.3189
vn -0.5617 0.8019 -0.2034
vn -0.1854 0.9786 -0.0887
vn -0.2377 0.9698 -0.0546
vn -0.6386 0.7608 -0.1155
vn -0.5213 0.8061 -0.2799
vn -0.1649 0.9780 -0.1274
vn -0.8408 0.4504 -0.3002
vn -0.8919 0.4267 -0.1494
vn -0.8546 0.3992 0.3321
vn -0.5403 0.8193 0.1917
vn -0.6214 0.7778 -0.0945
vn -0.9243 0.3720 -0.0844
vn -0.9888 0.0000 -0.1491
vn -0.8698 0.4435 -0.2163
vn 0.2027 0.2728 -0.9405
vn -0.1814 0.0000 -0.9834
vn -0.5817 0.7912 -0.1889
vn 0.4952 0.5708 -0.6550
vn -0.5234 0.0000 0.8520
vn -0.4924 0.3424 0.8002
vn -0.5722 0.3485 0.7424
vn -0.5971 0.0000 0.8021
vn -0.3508 0.7707 0.5318
vn -0.4444 0.7448 0.4977
vn -0.8978 0.0000 -0.4403
vn -0.8079 0.4269 -0.4061
vn -0.9424 0.0000 -0.3345
vn -0.1722 0.9785 0.1137
vn -0.2584 0.9523 0.1625
vn -0.9296 0.0000 0.3684
vn -0.9965 0.0000 -0.0837
vn -0.1909 0.9797 -0.0608
vn 0.7359 0.6097 -0.2944
vn -0.5585 0.7722 -0.3027
vn -0.2036 0.9673 -0.1509
vn -0.1939 0.9809 0.0131
vn -0.2840 0.9542 -0.0934
vn -0.8392 0.3797 -0.3892
vn -0.9138 0.0000 -0.4061
vn -0.9850 0.0000 -0.1724
vn -0.6686 0.0000 0.7436
vn -0.6383 0.3765 0.6713
vn -0.7143 0.4071 0.5692
vn -0.7726 0.0000 0.6349
vn 0.5479 0.8220 -0.1549
vn 0.9448 -0.2629 -0.1954
vn 0.2717 0.9292 -0.2506
vn 0.8455 0.3396 -0.4121
vn 0.4259 0.4216 -0.8005
vn 0.0206 0.8615 -0.5073
vn 0.9422 -0.2412 -0.2323
vn 0.9644 0.0000 -0.2645
vn 0.9043 -0.0190 -0.4264
vn 0.9039 0.0000 -0.4277
vn 0.5801 0.0000 -0.8145
vn 0.5712 0.0457 -0.8195
vn -0.1080 0.0000 0.9941
vn -0.1075 0.3639 0.9252
vn -0.1364 0.7833 0.6064
vn -0.2015 0.9683 0.1477
vn -0.0861 0.9869 -0.1360
vn -0.0746 0.9895 -0.1239
vn -0.1550 0.9844 0.0831
vn -0.1503 0.9828 0.1065
vn -0.0916 0.9924 -0.0822
vn -0.0421 0.9948 -0.0921
vn -0.0335 0.9963 -0.0794
vn 0.0163 0.9970 -0.0753
vn 0.0512 0.9979 -0.0390
vn 0.1528 0.9214 -0.3572
vn -0.2997 0.7885 0.5369
vn -0.4089 0.3550 0.8407
vn -0.4305 0.0000 0.9026
vn -0.2163 0.9676 -0.1303
vn -0.2275 0.7937 0.5641
vn -0.2776 0.3615 0.8901
vn -0.2836 0.0000 0.9589
vn 0.6659 0.4511 -0.5941
vn 0.8044 0.0503 -0.5919
vn 0.8160 0.0000 -0.5780
vn 0.4827 -0.7812 0.3958
vn 0.2304 -0.9709 0.0655
vn 0.1823 -0.9826 0.0355
vn 0.4682 -0.8240 0.3189
vn 0.5617 -0.8019 -0.2034
vn 0.1854 -0.9786 -0.0887
vn 0.2377 -0.9698 -0.0546
vn 0.6386 -0.7608 -0.1155
vn 0.5213 -0.8061 -0.2799
vn 0.1649 -0.9780 -0.1274
vn 0.8408 -0.4504 -0.3002
vn 0.8919 -0.4267 -0.1494
vn 0.8546 -0.3992 0.3321
vn 0.5403 -0.8193 0.1917
vn 0.6214 -0.7778 -0.0945
vn 0.9243 -0.3720 -0.0844
vn 0.8698 -0.4435 -0.2163
vn -0.2027 -0.2728 -0.9405
vn 0.5817 -0.7912 -0.1889
vn -0.4952 -0.5708 -0.6550
vn 0.4924 -0.3424 0.8002
vn 0.5722 -0.3485 0.7424
vn 0.3508 -0.7707 0.5318
vn 0.4444 -0.7448 0.4977
vn 0.8079 -0.4269 -0.4061
vn 0.1722 -0.9785 0.1137
vn 0.2584 -0.9523 0.1625
vn 0.1909 -0.9797 -0.0608
vn -0.7359 -0.6097 -0.2944
vn 0.5585 -0.7722 -0.3027
vn 0.2036 -0.9673 -0.1509
vn 0.1939 -0.9809 0.0131
vn 0.2840 -0.9542 -0.0934
vn 0.8392 -0.3797 -0.3892
vn 0.6383 -0.3765 0.6713
vn 0.7143 -0.4071 0.5692
vn -0.5479 -0.8220 -0.1549
vn -0.9448 0.2629 -0.1954
vn -0.2717 -0.9292 -0.2506
vn -0.8455 -0.3396 -0.4121
vn -0.4259 -0.4216 -0.8005
vn -0.0206 -0.8615 -0.5073
vn 0.0000 -0.8768 -0.4809
vn 0.0000 -0.3670 -0.9302
vn -0.9422 0.2412 -0.2323
vn -0.9043 0.0190 -0.4264
vn -0.5712 -0.0457 -0.8195
vn 0.0000 -0.0635 -0.9980
vn 0.0000 -0.3675 0.9300
vn 0.1075 -0.3639 0.9252
vn 0.0000 -0.7926 0.6097
vn 0.1364 -0.7833 0.6064
vn 0.0000 -0.9897 0.1430
vn 0.2015 -0.9683 0.1477
vn 0.0861 -0.9869 -0.1360
vn 0.0746 -0.9895 -0.1239
vn 0.1550 -0.9844 0.0831
vn 0.1503 -0.9828 0.1065
vn 0.0916 -0.9924 -0.0822
vn 0.0421 -0.9948 -0.0921
vn 0.0335 -0.9963 -0.0794
vn -0.0163 -0.9970 -0.0753
vn -0.0512 -0.9979 -0.0390
vn -0.1528 -0.9214 -0.3572
vn 0.2997 -0.7885 0.5369
vn 0.4089 -0.3550 0.8407
vn 0.2163 -0.9676 -0.1303
vn 0.2275 -0.7937 0.5641
vn 0.2776 -0.3615 0.8901
vn -0.6659 -0.4511 -0.5941
vn -0.8044 -0.0503 -0.5919
vn 0.0000 -0.9921 -0.1253
vn -0.4827 -0.7812 0.3958
vn -0.4682 -0.8240 0.3189
vn -0.1823 -0.9826 0.0355
vn -0.2304 -0.9709 0.0655
vn -0.5617 -0.8019 -0.2034
vn -0.6386 -0.7608 -0.1155
vn -0.2377 -0.9698 -0.0546
vn -0.1854 -0.9786 -0.0887
vn -0.5213 -0.8061 -0.2799
vn -0.1649 -0.9780 -0.1274
vn -0.8408 -0.4504 -0.3002
vn -0.8919 -0.4267 -0.1494
vn -0.8546 -0.3992 0.3321
vn -0.9243 -0.3720 -0.0844
vn -0.6214 -0.7777 -0.0945
vn -0.5403 -0.8193 0.1917
vn 0.2027 -0.2728 -0.9404
vn -0.8698 -0.4435 -0.2163
vn 0.4952 -0.5708 -0.6550
vn -0.5817 -0.7912 -0.1889
vn -0.5722 -0.3485 0.7424
vn -0.4924 -0.3424 0.8002
vn -0.4444 -0.7448 0.4977
vn -0.3508 -0.7707 0.5318
vn -0.8079 -0.4269 -0.4061
vn -0.2584 -0.9523 0.1625
vn -0.1722 -0.9785 0.1137
vn 0.7359 -0.6097 -0.2944
vn -0.1909 -0.9797 -0.0608
vn -0.5585 -0.7722 -0.3027
vn -0.2036 -0.9673 -0.1509
vn -0.2840 -0.9542 -0.0934
vn -0.1939 -0.9809 0.0131
vn -0.8392 -0.3797 -0.3892
vn -0.7143 -0.4071 0.5692
vn -0.6383 -0.3765 0.6713
vn 0.9448 0.2629 -0.1954
vn 0.5479 -0.8220 -0.1549
vn 0.8455 -0.3396 -0.4121
vn 0.2717 -0.9292 -0.2506
vn 0.4259 -0.4216 -0.8005
vn 0.0206 -0.8615 -0.5073
vn 0.9422 0.2412 -0.2323
vn 0.9043 0.0190 -0.4264
vn 0.5712 -0.0457 -0.8195
vn -0.1075 -0.3639 0.9252
vn -0.1364 -0.7833 0.6064
vn -0.2015 -0.9683 0.1477
vn -0.0861 -0.9869 -0.1360
vn -0.1503 -0.9828 0.1065
vn -0.1550 -0.9844 0.0831
vn -0.0746 -0.9895 -0.1239
vn -0.0917 -0.9924 -0.0822
vn -0.0421 -0.9948 -0.0921
vn -0.0335 -0.9963 -0.0794
vn 0.0163 -0.9970 -0.0753
vn 0.0512 -0.9979 -0.0390
vn 0.1528 -0.9214 -0.3572
vn -0.2997 -0.7885 0.5369
vn -0.4089 -0.3550 0.8407
vn -0.2163 -0.9676 -0.1303
vn -0.2275 -0.7937 0.5641
vn -0.2776 -0.3615 0.8901
vn 0.8044 -0.0503 -0.5919
vn 0.6659 -0.4511 -0.5941
vn -0.8299 -0.5575 0.0231
vn -0.5434 -0.8392 0.0176
vn -0.5423 -0.8400 0.0176
vn -0.8289 -0.5589 0.0231
vn 0.0000 -0.9999 0.0120
vn 0.1482 -0.9889 0.0125
vn 0.1479 -0.9889 0.0125
vn 0.8299 -0.5575 0.0231
vn 0.9996 0.0000 0.0266
vn 0.8289 -0.5589 0.0231
vn -0.5434 0.8392 0.0176
vn -0.8299 0.5575 0.0231
vn -0.8289 0.5589 0.0231
vn -0.5423 0.8400 0.0176
vn 0.3194 0.9475 0.0142
vn 0.1482 0.9889 0.0125
vn 0.1479 0.9889 0.0125
vn 0.3187 0.9477 0.0142
vn 0.0000 0.9999 0.0120
vn -0.1482 0.9889 0.0125
vn -0.1479 0.9889 0.0125
vn -0.3194 -0.9475 0.0142
vn -0.3187 -0.9477 0.0142
vn 0.3194 -0.9475 0.0142
vn 0.3187 -0.9477 0.0142
vn 0.8299 0.5575 0.0231
vn 0.8289 0.5589 0.0231
vn -0.9996 0.0000 0.0266
vn -0.1482 -0.9889 0.0125
vn -0.1479 -0.9889 0.0125
vn 0.5434 -0.8392 0.0176
vn 0.5423 -0.8400 0.0176
vn -0.3194 0.9475 0.0142
vn -0.3187 0.9477 0.0142
vn 0.5434 0.8392 0.0176
vn 0.5423 0.8400 0.0176
vn 0.5438 0.8392 0.0039
vn 0.3196 0.9475 0.0031
vn 0.3197 0.9474 0.0095
vn 0.5440 0.8390 0.0118
vn 0.3196 0.9473 0.0200
vn 0.5437 0.8389 0.0248
vn 0.3194 0.9472 0.0268
vn 0.5434 0.8388 0.0332
vn 0.3193 0.9472 0.0291
vn 0.5431 0.8388 0.0362
vn 0.5432 0.8388 0.0359
vn 0.3193 0.9472 0.0289
vn 0.3190 0.9475 0.0215
vn 0.5427 0.8394 0.0267
vn -0.3196 0.9475 0.0031
vn -0.5438 0.8392 0.0039
vn -0.5440 0.8390 0.0118
vn -0.3197 0.9474 0.0095
vn -0.5437 0.8389 0.0248
vn -0.3196 0.9473 0.0200
vn -0.5434 0.8388 0.0332
vn -0.3194 0.9472 0.0268
vn -0.5431 0.8388 0.0362
vn -0.3193 0.9472 0.0291
vn -0.3193 0.9472 0.0289
vn -0.5432 0.8388 0.0359
vn -0.5427 0.8394 0.0267
vn -0.3190 0.9475 0.0215
vn 0.5438 -0.8392 0.0039
vn 0.8303 -0.5573 0.0051
vn 0.8304 -0.5569 0.0154
vn 0.5440 -0.8390 0.0118
vn 0.8299 -0.5569 0.0324
vn 0.5437 -0.8389 0.0248
vn 0.8295 -0.5568 0.0434
vn 0.5434 -0.8388 0.0332
vn 0.8291 -0.5571 0.0473
vn 0.5431 -0.8388 0.0362
vn 0.5432 -0.8388 0.0359
vn 0.8292 -0.5570 0.0469
vn 0.8291 -0.5580 0.0350
vn 0.5427 -0.8394 0.0267
vn -0.1483 -0.9889 0.0027
vn 0.0000 -1.0000 0.0027
vn 0.0000 -0.9999 0.0080
vn -0.1484 -0.9889 0.0084
vn 0.0000 -0.9998 0.0169
vn -0.1483 -0.9888 0.0176
vn 0.0000 -0.9997 0.0226
vn -0.1482 -0.9886 0.0236
vn 0.0000 -0.9997 0.0247
vn -0.1481 -0.9886 0.0257
vn -0.1482 -0.9886 0.0255
vn 0.0000 -0.9997 0.0244
vn 0.0000 -0.9998 0.0182
vn -0.1480 -0.9888 0.0190
vn -1.0000 0.0000 0.0059
vn -0.8303 -0.5573 0.0051
vn -0.8304 -0.5569 0.0154
vn -0.9998 0.0000 0.0178
vn -0.8299 -0.5569 0.0324
vn -0.9993 0.0000 0.0374
vn -0.8295 -0.5568 0.0434
vn -0.9987 0.0000 0.0500
vn -0.8291 -0.5571 0.0473
vn -0.9985 0.0000 0.0546
vn -0.9985 0.0000 0.0541
vn -0.8292 -0.5570 0.0469
vn -0.8291 -0.5580 0.0350
vn -0.9992 0.0000 0.0405
vn 0.8303 0.5573 0.0051
vn 0.8304 0.5569 0.0154
vn 0.8299 0.5569 0.0324
vn 0.8295 0.5568 0.0434
vn 0.8291 0.5571 0.0473
vn 0.8291 0.5570 0.0469
vn 0.8291 0.5580 0.0350
vn -0.1483 0.9889 0.0027
vn -0.1484 0.9889 0.0084
vn -0.1483 0.9888 0.0176
vn -0.1482 0.9886 0.0236
vn -0.1481 0.9886 0.0257
vn -0.1482 0.9886 0.0255
vn -0.1480 0.9888 0.0190
vn 0.3196 -0.9475 0.0031
vn 0.3197 -0.9474 0.0095
vn 0.3196 -0.9473 0.0200
vn 0.3194 -0.9472 0.0268
vn 0.3193 -0.9472 0.0291
vn 0.3193 -0.9472 0.0289
vn 0.3190 -0.9475 0.0215
vn -0.3196 -0.9475 0.0031
vn -0.3197 -0.9474 0.0095
vn -0.3196 -0.9473 0.0200
vn -0.3194 -0.9472 0.0268
vn -0.3193 -0.9472 0.0291
vn -0.3193 -0.9472 0.0289
vn -0.3190 -0.9475 0.0215
vn 0.1483 0.9889 0.0027
vn 0.0000 1.0000 0.0027
vn 0.0000 0.9999 0.0080
vn 0.1484 0.9889 0.0084
vn 0.0000 0.9998 0.0169
vn 0.1483 0.9888 0.0176
vn 0.0000 0.9997 0.0226
vn 0.1482 0.9886 0.0236
vn 0.0000 0.9997 0.0247
vn 0.1481 0.9886 0.0257
vn 0.1482 0.9886 0.0255
vn 0.0000 0.9997 0.0244
vn 0.0000 0.9998 0.0182
vn 0.1480 0.9888 0.0190
vn -0.8303 0.5573 0.0051
vn -0.8304 0.5569 0.0154
vn -0.8299 0.5569 0.0324
vn -0.8295 0.5568 0.0434
vn -0.8291 0.5571 0.0473
vn -0.8291 0.5570 0.0469
vn -0.8291 0.5580 0.0350
vn 1.0000 0.0000 0.0059
vn 0.9998 0.0000 0.0178
vn 0.9993 0.0000 0.0374
vn 0.9987 0.0000 0.0500
vn 0.9985 0.0000 0.0546
vn 0.9985 0.0000 0.0541
vn 0.9992 0.0000 0.0405
vn 0.1483 -0.9889 0.0027
vn 0.1484 -0.9889 0.0084
vn 0.1483 -0.9888 0.0176
vn 0.1482 -0.9886 0.0236
vn 0.1481 -0.9886 0.0257
vn 0.1482 -0.9886 0.0255
vn 0.1480 -0.9888 0.0190
vn -0.5438 -0.8392 0.0039
vn -0.5440 -0.8390 0.0118
vn -0.5437 -0.8389 0.0248
vn -0.5434 -0.8388 0.0332
vn -0.5431 -0.8388 0.0362
vn -0.5432 -0.8388 0.0359
vn -0.5427 -0.8394 0.0267
f 1//1 2//2 3//3 4//4
f 5//5 6//6 7//7 8//8
f 9//9 10//10 11//11 12//12
f 9//9 12//12 13//13 14//14
f 15//15 16//16 17//17 18//18
f 19//19 20//20 21//21 22//22
f 23//23 14//14 13//13 24//24
f 23//23 24//24 25//25 26//26
f 27//27 28//28 11//11 10//10
f 29//29 30//30 31//31 32//32
f 33//33 34//34 35//35 36//36
f 27//27 37//37 38//38 28//28
f 39//39 40//40 38//38 37//37
f 41//41 42//42 43//43 44//44
f 45//45 46//46 47//47 48//48
f 39//39 49//49 50//50 40//40
f 51//51 52//52 50//50 49//49
f 53//53 54//54 55//55 56//56
f 57//57 58//58 59//59 60//60
f 51//51 61//61 62//62 52//52
f 63//63 64//64 62//62 61//61
f 65//65 66//66 67//67 68//68
f 69//69 70//70 71//71 72//72
f 9//9 14//14 73//73 74//74
f 75//75 76//76 77//77 78//78
f 79//79 58//58 62//62 64//64
f 80//80 81//81 82//82 83//83
f 63//63 61//61 84//84 85//85
f 79//79 64//64 86//86 87//87
f 57//57 46//46 50//50 52//52
f 57//57 52//52 62//62 58//58
f 88//88 89//89 90//90 91//91
f 51//51 49//49 92//92 93//93
f 45//45 34//34 38//38 40//40
f 45//45 40//40 50//50 46//46
f 94//94 95//95 96//96 97//97
f 39//39 37//37 98//98 99//99
f 33//33 100//100 11//11 28//28
f 33//33 28//28 38//38 34//34
f 101//101 102//102 103//103 104//104
f 105//105 106//106 13//13 12//12
f 105//105 12//12 11//11 100//100
f 107//107 108//108 109//109 110//110
f 27//27 10//10 111//111 112//112
f 5//5 108//108 113//108 114//113
f 5//5 114//113 115//114 6//6
f 116//115 106//106 117//116 118//117
f 116//115 118//117 119//118 120//119
f 116//115 120//119 25//25 24//24
f 116//115 24//24 13//13 106//106
f 5//5 8//8 109//109 108//108
f 23//23 26//26 121//120 122//121
f 107//107 102//102 123//102 124//107
f 107//107 124//107 113//108 108//108
f 107//107 110//110 103//103 102//102
f 105//105 125//122 117//116 106//106
f 53//53 42//42 126//42 127//53
f 53//53 127//53 128//54 54//54
f 53//53 56//56 43//43 42//42
f 51//51 93//93 84//84 61//61
f 88//88 70//70 129//70 130//88
f 88//88 130//88 131//89 89//89
f 88//88 91//91 71//71 70//70
f 57//57 60//60 47//47 46//46
f 29//29 2//2 132//2 133//29
f 29//29 133//29 134//30 30//30
f 29//29 32//32 3//3 2//2
f 27//27 112//112 98//98 37//37
f 80//80 76//76 135//123 136//80
f 80//80 136//80 137//81 81//81
f 80//80 83//83 77//77 76//76
f 79//79 87//87 138//124 139//125
f 15//15 140//126 141//127 142//128
f 15//15 142//128 143//16 16//16
f 15//15 18//18 144//129 140//126
f 23//23 122//121 73//73 14//14
f 101//101 95//95 145//95 146//101
f 101//101 146//101 123//102 102//102
f 101//101 104//104 96//96 95//95
f 33//33 36//36 147//130 100//100
f 75//75 66//66 148//66 149//75
f 75//75 149//75 135//123 76//76
f 75//75 78//78 67//67 66//66
f 63//63 150//131 86//86 64//64
f 65//65 54//54 128//54 151//65
f 65//65 151//65 148//66 66//66
f 65//65 68//68 55//55 54//54
f 63//63 85//85 152//132 150//131
f 69//69 81//81 137//81 153//69
f 69//69 153//69 129//70 70//70
f 69//69 72//72 82//82 81//81
f 79//79 139//125 59//59 58//58
f 41//41 30//30 134//30 154//41
f 41//41 154//41 126//42 42//42
f 41//41 44//44 31//31 30//30
f 39//39 99//99 92//92 49//49
f 94//94 89//89 131//89 155//94
f 94//94 155//94 145//95 95//95
f 94//94 97//97 90//90 89//89
f 45//45 48//48 35//35 34//34
f 1//1 16//16 143//16 156//1
f 1//1 156//1 132//2 2//2
f 1//1 4//4 17//17 16//16
f 9//9 74//74 111//111 10//10
f 157//133 158//134 159//135 160//136
f 157//133 161//137 162//138 158//134
f 163//139 164//140 165//141 166//142
f 163//139 167//143 168//144 164//140
f 169//145 170//146 162//138 161//137
f 169//145 140//126 144//129 170//146
f 171//147 172//148 168//144 167//143
f 171//147 26//26 25//25 172//148
f 173//149 166//142 165//141 174//150
f 175//151 176//152 177//153 178//154
f 175//151 160//136 159//135 176//152
f 173//149 174//150 179//155 180//156
f 181//157 180//156 179//155 182//158
f 183//159 184//160 185//161 186//162
f 183//159 178//154 177//153 184//160
f 181//157 182//158 187//163 188//164
f 189//165 188//164 187//163 190//166
f 191//167 192//168 193//169 194//170
f 191//167 186//162 185//161 192//168
f 189//165 190//166 195//171 196//172
f 197//173 196//172 195//171 198//174
f 199//175 200//176 201//177 202//178
f 199//175 194//170 193//169 200//176
f 203//179 202//178 201//177 204//180
f 205//181 206//182 207//183 208//184
f 209//185 198//174 195//171 210//186
f 211//187 212//188 207//183 206//182
f 211//187 213//189 214//190 212//188
f 215//191 216//192 217//193 218//194
f 219//195 190//166 187//163 220//196
f 219//195 210//186 195//171 190//166
f 215//191 218//194 221//197 222//198
f 223//199 222//198 221//197 224//200
f 225//201 182//158 179//155 226//202
f 225//201 220//196 187//163 182//158
f 223//199 224//200 227//203 228//204
f 229//205 228//204 227//203 230//206
f 231//207 174//150 165//141 232//208
f 231//207 226//202 179//155 174//150
f 229//205 230//206 233//209 234//210
f 19//19 164//140 168//144 20//20
f 19//19 232//208 165//141 164//140
f 235//211 236//212 237//213 238//214
f 235//211 234//210 233//209 236//212
f 239//215 240//216 241//214 238//214
f 239//215 6//6 115//114 240//216
f 171//147 167//143 242//217 243//218
f 244//219 120//119 119//118 245//220
f 244//219 172//148 25//25 120//119
f 244//219 20//20 168//144 172//148
f 239//215 246//221 7//7 6//6
f 244//219 245//220 21//21 20//20
f 235//211 247//211 248//210 234//210
f 235//211 238//214 241//214 247//211
f 173//149 180//156 249//222 250//223
f 19//19 22//22 251//224 232//208
f 191//167 252//167 253//162 186//162
f 191//167 194//170 254//170 252//167
f 219//195 220//196 255//225 256//226
f 189//165 257//227 258//228 188//164
f 215//191 259//191 260//192 216//192
f 215//191 222//198 261//198 259//191
f 209//185 262//229 263//230 264//231
f 219//195 256//226 265//232 210//186
f 175//151 266//151 267//136 160//136
f 175//151 178//154 268//154 266//151
f 231//207 232//208 251//224 269//233
f 173//149 250//223 270//234 166//142
f 211//187 271//187 272//189 213//189
f 211//187 206//182 273//182 271//187
f 197//173 274//235 275//236 276//237
f 209//185 264//231 277//238 198//174
f 169//145 278//239 141//127 140//126
f 169//145 161//137 279//137 278//239
f 280//240 281//241 282//242 283//243
f 171//147 243//218 121//120 26//26
f 229//205 284//205 285//204 228//204
f 229//205 234//210 248//210 284//205
f 181//157 188//164 258//228 286//244
f 231//207 269//233 287//245 226//202
f 203//179 288//179 289//178 202//178
f 203//179 213//189 272//189 288//179
f 163//139 166//142 270//234 290//246
f 203//179 204//180 214//190 213//189
f 199//175 291//175 254//170 194//170
f 199//175 202//178 289//178 291//175
f 209//185 210//186 265//232 262//229
f 197//173 276//237 292//247 196//172
f 205//181 293//181 273//182 206//182
f 205//181 216//192 260//192 293//181
f 197//173 198//174 277//238 274//235
f 205//181 208//184 217//193 216//192
f 183//159 294//159 268//154 178//154
f 183//159 186//162 253//162 294//159
f 225//201 226//202 287//245 295//248
f 181//157 286//244 249//222 180//156
f 223//199 296//199 261//198 222//198
f 223//199 228//204 285//204 296//199
f 189//165 196//172 292//247 257//227
f 225//201 295//248 255//225 220//196
f 157//133 297//133 279//137 161//137
f 157//133 160//136 267//136 297//133
f 239//215 238//214 237//213 246//221
f 163//139 290//246 242//217 167//143
f 298//1 299//249 300//250 301//2
f 298//1 302//16 303//251 299//249
f 304//252 305//253 306//254 307//255
f 304//252 308//256 309//257 305//253
f 310//258 311//259 303//251 302//16
f 310//258 312//260 313//261 311//259
f 314//262 315//263 309//257 308//256
f 314//262 316//264 317//265 315//263
f 318//266 307//255 306//254 319//267
f 320//29 321//268 322//269 323//30
f 320//29 301//2 300//250 321//268
f 318//266 319//267 324//270 325//271
f 326//272 325//271 324//270 327//273
f 328//41 329//274 330//275 331//42
f 328//41 323//30 322//269 329//274
f 326//272 327//273 332//276 333//277
f 334//278 333//277 332//276 335//279
f 336//53 337//280 338//281 339//54
f 336//53 331//42 330//275 337//280
f 334//278 335//279 340//282 341//283
f 342//284 341//283 340//282 343//285
f 344//65 345//286 346//287 347//66
f 344//65 339//54 338//281 345//286
f 348//75 347//66 346//287 349//288
f 350//69 351//81 352//289 353//290
f 354//291 343//285 340//282 355//292
f 356//80 357//293 352//289 351//81
f 356//80 358//123 359//294 357//293
f 360//88 361//70 362//295 363//296
f 364//297 335//279 332//276 365//298
f 364//297 355//292 340//282 335//279
f 360//88 363//296 366//299 367//89
f 368//94 367//89 366//299 369//300
f 370//301 327//273 324//270 371//302
f 370//301 365//298 332//276 327//273
f 368//94 369//300 372//303 373//95
f 374//101 373//95 372//303 375//304
f 376//305 319//267 306//254 377//306
f 376//305 371//302 324//270 319//267
f 374//101 375//304 378//307 379//102
f 280//240 305//253 309//257 281//241
f 280//240 377//306 306//254 305//253
f 380//107 381//308 382//309 383//108
f 380//107 379//102 378//307 381//308
f 384//310 114//113 113//108 383//108
f 384//310 385//311 115//114 114//113
f 314//262 308//256 386//312 387//313
f 388//314 389//315 390//316 391//317
f 388//314 315//263 317//265 389//315
f 388//314 281//241 309//257 315//263
f 384//310 392//318 393//319 385//311
f 388//314 391//317 282//242 281//241
f 380//107 124//107 123//102 379//102
f 380//107 383//108 113//108 124//107
f 318//266 325//271 394//320 395//321
f 280//240 283//243 396//322 377//306
f 336//53 127//53 126//42 331//42
f 336//53 339//54 128//54 127//53
f 364//297 365//298 397//323 398//324
f 334//278 399//325 400//326 333//277
f 360//88 130//88 129//70 361//70
f 360//88 367//89 131//89 130//88
f 354//291 401//327 402//328 403//329
f 364//297 398//324 404//330 355//292
f 320//29 133//29 132//2 301//2
f 320//29 323//30 134//30 133//29
f 376//305 377//306 396//322 405//331
f 318//266 395//321 406//332 307//255
f 356//80 136//80 135//123 358//123
f 356//80 351//81 137//81 136//80
f 342//284 407//333 408//334 409//335
f 354//291 403//329 410//336 343//285
f 310//258 142//128 141//127 312//260
f 310//258 302//16 143//16 142//128
f 411//337 412//338 413//339 414//340
f 314//262 387//313 415//341 316//264
f 374//101 146//101 145//95 373//95
f 374//101 379//102 123//102 146//101
f 326//272 333//277 400//326 416//342
f 376//305 405//331 417//343 371//302
f 348//75 149//75 148//66 347//66
f 348//75 358//123 135//123 149//75
f 304//252 307//255 406//332 418//344
f 348//75 349//288 359//294 358//123
f 344//65 151//65 128//54 339//54
f 344//65 347//66 148//66 151//65
f 354//291 355//292 404//330 401//327
f 342//284 409//335 419//345 341//283
f 350//69 153//69 137//81 351//81
f 350//69 361//70 129//70 153//69
f 342//284 343//285 410//336 407//333
f 350//69 353//290 362//295 361//70
f 328//41 154//41 134//30 323//30
f 328//41 331//42 126//42 154//41
f 370//301 371//302 417//343 420//346
f 326//272 416//342 394//320 325//271
f 368//94 155//94 131//89 367//89
f 368//94 373//95 145//95 155//94
f 334//278 341//283 419//345 399//325
f 370//301 420//346 397//323 365//298
f 298//1 156//1 143//16 302//16
f 298//1 301//2 132//2 156//1
f 384//310 383//108 382//309 392//318
f 304//252 418//344 386//312 308//256
f 421//133 422//136 423//347 424//348
f 425//349 385//311 393//319 426//350
f 427//351 428//352 429//353 430//354
f 427//351 430//354 431//355 432//356
f 433//357 434//137 435//358 436//359
f 437//360 432//356 431//355 438//361
f 437//360 438//361 317//265 316//264
f 439//362 440//363 429//353 428//352
f 441//151 442//154 443//364 444//365
f 445//366 446//367 447//368 448//369
f 439//362 449//370 450//371 440//363
f 451//372 452//373 450//371 449//370
f 453//159 454//162 455//374 456//375
f 457//376 458//377 459//378 460//379
f 451//372 461//380 462//381 452//373
f 463//382 464//383 462//381 461//380
f 465//167 466//170 467//384 468//385
f 469//386 470//387 471//388 472//389
f 463//382 473//390 474//391 464//383
f 475//392 476//393 474//391 473//390
f 477//175 478//178 479//394 480//395
f 481//181 482//192 483//396 484//397
f 427//351 432//356 485//398 486//399
f 487//179 488//400 489//401 490//402
f 491//403 470//387 474//391 476//393
f 492//187 493//182 494//404 495//405
f 475//392 473//390 496//406 497//407
f 491//403 476//393 498//408 499//409
f 469//386 458//377 462//381 464//383
f 469//386 464//383 474//391 470//387
f 500//191 501//198 502//410 503//411
f 463//382 461//380 504//412 505//413
f 457//376 446//367 450//371 452//373
f 457//376 452//373 462//381 458//377
f 506//199 507//204 508//414 509//415
f 451//372 449//370 510//416 511//417
f 445//366 412//338 429//353 440//363
f 445//366 440//363 450//371 446//367
f 512//205 513//210 514//418 515//419
f 411//337 516//420 431//355 430//354
f 411//337 430//354 429//353 412//338
f 517//211 518//214 519//421 520//422
f 439//362 428//352 521//423 522//424
f 425//349 518//214 241//214 240//216
f 425//349 240//216 115//114 385//311
f 523//425 516//420 524//426 525//427
f 523//425 525//427 390//316 389//315
f 523//425 389//315 317//265 438//361
f 523//425 438//361 431//355 516//420
f 425//349 426//350 519//421 518//214
f 437//360 316//264 415//341 526//428
f 517//211 513//210 248//210 247//211
f 517//211 247//211 241//214 518//214
f 517//211 520//422 514//418 513//210
f 411//337 414//340 524//426 516//420
f 465//167 454//162 253//162 252//167
f 465//167 252//167 254//170 466//170
f 465//167 468//385 455//374 454//162
f 463//382 505//413 496//406 473//390
f 500//191 482//192 260//192 259//191
f 500//191 259//191 261//198 501//198
f 500//191 503//411 483//396 482//192
f 469//386 472//389 459//378 458//377
f 441//151 422//136 267//136 266//151
f 441//151 266//151 268//154 442//154
f 441//151 444//365 423//347 422//136
f 439//362 522//424 510//416 449//370
f 492//187 488//400 272//189 271//187
f 492//187 271//187 273//182 493//182
f 492//187 495//405 489//401 488//400
f 491//403 499//409 527//429 528//430
f 433//357 312//260 141//127 278//239
f 433//357 278//239 279//137 434//137
f 433//357 436//359 313//261 312//260
f 437//360 526//428 485//398 432//356
f 512//205 507//204 285//204 284//205
f 512//205 284//205 248//210 513//210
f 512//205 515//419 508//414 507//204
f 445//366 448//369 413//339 412//338
f 487//179 478//178 289//178 288//179
f 487//179 288//179 272//189 488//400
f 487//179 490//402 479//394 478//178
f 475//392 529//431 498//408 476//393
f 477//175 466//170 254//170 291//175
f 477//175 291//175 289//178 478//178
f 477//175 480//395 467//384 466//170
f 475//392 497//407 530//432 529//431
f 481//181 493//182 273//182 293//181
f 481//181 293//181 260//192 482//192
f 481//181 484//397 494//404 493//182
f 491//403 528//430 471//388 470//387
f 453//159 442//154 268//154 294//159
f 453//159 294//159 253//162 454//162
f 453//159 456//375 443//364 442//154
f 451//372 511//417 504//412 461//380
f 506//199 501//198 261//198 296//199
f 506//199 296//199 285//204 507//204
f 506//199 509//415 502//410 501//198
f 457//376 460//379 447//368 446//367
f 421//133 434//137 279//137 297//133
f 421//133 297//133 267//136 422//136
f 421//133 424//348 435//358 434//137
f 427//351 486//399 521//423 428//352
f 103//103 110//110 531//433 532//434
f 532//434 531//433 125//122 147//130
f 110//110 109//109 533//435 531//433
f 531//433 533//435 117//116 125//122
f 3//3 32//32 534//436 535//437
f 535//437 534//436 112//112 111//111
f 32//32 31//31 536//438 534//436
f 534//436 536//438 98//98 112//112
f 96//96 104//104 537//439 538//440
f 538//440 537//439 36//36 35//35
f 104//104 103//103 532//434 537//439
f 537//439 532//434 147//130 36//36
f 31//31 44//44 539//441 536//438
f 536//438 539//441 99//99 98//98
f 44//44 43//43 540//442 539//441
f 539//441 540//442 92//92 99//99
f 90//90 97//97 541//443 542//444
f 542//444 541//443 48//48 47//47
f 97//97 96//96 538//440 541//443
f 541//443 538//440 35//35 48//48
f 43//43 56//56 543//445 540//442
f 540//442 543//445 93//93 92//92
f 56//56 55//55 544//446 543//445
f 543//445 544//446 84//84 93//93
f 71//71 91//91 545//447 546//448
f 546//448 545//447 60//60 59//59
f 91//91 90//90 542//444 545//447
f 545//447 542//444 47//47 60//60
f 77//77 83//83 547//449 548//450
f 548//450 547//449 87//87 86//86
f 83//83 82//82 549//451 547//449
f 547//449 549//451 138//124 87//87
f 55//55 68//68 550//452 544//446
f 544//446 550//452 85//85 84//84
f 68//68 67//67 551//453 550//452
f 550//452 551//453 152//132 85//85
f 82//82 72//72 552//454 549//451
f 549//451 552//454 139//125 138//124
f 72//72 71//71 546//448 552//454
f 552//454 546//448 59//59 139//125
f 67//67 78//78 553//455 551//453
f 551//453 553//455 150//131 152//132
f 78//78 77//77 548//450 553//455
f 553//455 548//450 86//86 150//131
f 17//17 4//4 554//456 555//457
f 555//457 554//456 74//74 73//73
f 4//4 3//3 535//437 554//456
f 554//456 535//437 111//111 74//74
f 109//109 8//8 556//458 533//435
f 533//435 556//458 118//117 117//116
f 8//8 7//7 557//459 556//458
f 556//458 557//459 119//118 118//117
f 144//129 18//18 558//460 559//461
f 559//461 558//460 122//121 121//120
f 18//18 17//17 555//457 558//460
f 558//460 555//457 73//73 122//121
f 251//224 22//22 560//462 561//463
f 561//463 560//462 236//212 233//209
f 22//22 21//21 562//464 560//462
f 560//462 562//464 237//213 236//212
f 270//234 250//223 563//465 564//466
f 564//466 563//465 176//152 159//135
f 250//223 249//222 565//467 563//465
f 563//465 565//467 177//153 176//152
f 287//245 269//233 566//468 567//469
f 567//469 566//468 230//206 227//203
f 269//233 251//224 561//463 566//468
f 566//468 561//463 233//209 230//206
f 249//222 286//244 568//470 565//467
f 565//467 568//470 184//160 177//153
f 286//244 258//228 569//471 568//470
f 568//470 569//471 185//161 184//160
f 255//225 295//248 570//472 571//473
f 571//473 570//472 224//200 221//197
f 295//248 287//245 567//469 570//472
f 570//472 567//469 227//203 224//200
f 258//228 257//227 572//474 569//471
f 569//471 572//474 192//168 185//161
f 257//227 292//247 573//475 572//474
f 572//474 573//475 193//169 192//168
f 265//232 256//226 574//476 575//477
f 575//477 574//476 218//194 217//193
f 256//226 255//225 571//473 574//476
f 574//476 571//473 221//197 218//194
f 277//238 264//231 576//478 577//479
f 577//479 576//478 212//188 214//190
f 264//231 263//230 578//480 576//478
f 576//478 578//480 207//183 212//188
f 292//247 276//237 579//481 573//475
f 573//475 579//481 200//176 193//169
f 276//237 275//236 580//482 579//481
f 579//481 580//482 201//177 200//176
f 263//230 262//229 581//483 578//480
f 578//480 581//483 208//184 207//183
f 262//229 265//232 575//477 581//483
f 581//483 575//477 217//193 208//184
f 275//236 274//235 582//484 580//482
f 580//482 582//484 204//180 201//177
f 274//235 277//238 577//479 582//484
f 582//484 577//479 214//190 204//180
f 242//217 290//246 583//485 584//486
f 584//486 583//485 158//134 162//138
f 290//246 270//234 564//466 583//485
f 583//485 564//466 159//135 158//134
f 21//21 245//220 585//487 562//464
f 562//464 585//487 246//221 237//213
f 245//220 119//118 557//459 585//487
f 585//487 557//459 7//7 246//221
f 121//120 243//218 586//488 559//461
f 559//461 586//488 170//146 144//129
f 243//218 242//217 584//486 586//488
f 586//488 584//486 162//138 170//146
f 396//322 283//243 587//489 588//490
f 588//490 587//489 381//308 378//307
f 283//243 282//242 589//491 587//489
f 587//489 589//491 382//309 381//308
f 406//332 395//321 590//492 591//493
f 591//493 590//492 321//268 300//250
f 395//321 394//320 592//494 590//492
f 590//492 592//494 322//269 321//268
f 417//343 405//331 593//495 594//496
f 594//496 593//495 375//304 372//303
f 405//331 396//322 588//490 593//495
f 593//495 588//490 378//307 375//304
f 394//320 416//342 595//497 592//494
f 592//494 595//497 329//274 322//269
f 416//342 400//326 596//498 595//497
f 595//497 596//498 330//275 329//274
f 397//323 420//346 597//499 598//500
f 598//500 597//499 369//300 366//299
f 420//346 417//343 594//496 597//499
f 597//499 594//496 372//303 369//300
f 400//326 399//325 599//501 596//498
f 596//498 599//501 337//280 330//275
f 399//325 419//345 600//502 599//501
f 599//501 600//502 338//281 337//280
f 404//330 398//324 601//503 602//504
f 602//504 601//503 363//296 362//295
f 398//324 397//323 598//500 601//503
f 601//503 598//500 366//299 363//296
f 410//336 403//329 603//505 604//506
f 604//506 603//505 357//293 359//294
f 403//329 402//328 605//507 603//505
f 603//505 605//507 352//289 357//293
f 419//345 409//335 606//508 600//502
f 600//502 606//508 345//286 338//281
f 409//335 408//334 607//509 606//508
f 606//508 607//509 346//287 345//286
f 402//328 401//327 608//510 605//507
f 605//507 608//510 353//290 352//289
f 401//327 404//330 602//504 608//510
f 608//510 602//504 362//295 353//290
f 408//334 407//333 609//511 607//509
f 607//509 609//511 349//288 346//287
f 407//333 410//336 604//506 609//511
f 609//511 604//506 359//294 349//288
f 386//312 418//344 610//512 611//513
f 611//513 610//512 299//249 303//251
f 418//344 406//332 591//493 610//512
f 610//512 591//493 300//250 299//249
f 282//242 391//317 612//514 589//491
f 589//491 612//514 392//318 382//309
f 391//317 390//316 613//515 612//514
f 612//514 613//515 393//319 392//318
f 415//341 387//313 614//516 615//517
f 615//517 614//516 311//259 313//261
f 387//313 386//312 611//513 614//516
f 614//516 611//513 303//251 311//259
f 514//418 520//422 616//518 617//519
f 617//519 616//518 414//340 413//339
f 520//422 519//421 618//520 616//518
f 616//518 618//520 524//426 414//340
f 423//347 444//365 619//521 620//522
f 620//522 619//521 522//424 521//423
f 444//365 443//364 621//523 619//521
f 619//521 621//523 510//416 522//424
f 508//414 515//419 622//524 623//525
f 623//525 622//524 448//369 447//368
f 515//419 514//418 617//519 622//524
f 622//524 617//519 413//339 448//369
f 443//364 456//375 624//526 621//523
f 621//523 624//526 511//417 510//416
f 456//375 455//374 625//527 624//526
f 624//526 625//527 504//412 511//417
f 502//410 509//415 626//528 627//529
f 627//529 626//528 460//379 459//378
f 509//415 508//414 623//525 626//528
f 626//528 623//525 447//368 460//379
f 455//374 468//385 628//530 625//527
f 625//527 628//530 505//413 504//412
f 468//385 467//384 629//531 628//530
f 628//530 629//531 496//406 505//413
f 483//396 503//411 630//532 631//533
f 631//533 630//532 472//389 471//388
f 503//411 502//410 627//529 630//532
f 630//532 627//529 459//378 472//389
f 489//401 495//405 632//534 633//535
f 633//535 632//534 499//409 498//408
f 495//405 494//404 634//536 632//534
f 632//534 634//536 527//429 499//409
f 467//384 480//395 635//537 629//531
f 629//531 635//537 497//407 496//406
f 480//395 479//394 636//538 635//537
f 635//537 636//538 530//432 497//407
f 494//404 484//397 637//539 634//536
f 634//536 637//539 528//430 527//429
f 484//397 483//396 631//533 637//539
f 637//539 631//533 471//388 528//430
f 479//394 490//402 638//540 636//538
f 636//538 638//540 529//431 530//432
f 490//402 489//401 633//535 638//540
f 638//540 633//535 498//408 529//431
f 435//358 424//348 639//541 640//542
f 640//542 639//541 486//399 485//398
f 424//348 423//347 620//522 639//541
f 639//541 620//522 521//423 486//399
f 519//421 426//350 641//543 618//520
f 618//520 641//543 525//427 524//426
f 426//350 393//319 613//515 641//543
f 641//543 613//515 390//316 525//427
f 313//261 436//359 642//544 615//517
f 615//517 642//544 526//428 415//341
f 436//359 435//358 640//542 642//544
f 642//544 640//542 485//398 526//428
f 105//105 100//100 147//130 125//122
f 643//545 644//546 645//547 646//548
f 647//549 648//550 649//551 650//552
f 651//553 647//549 650//552 652//554
f 653//555 654//556 648//550 647//549
f 655//557 656//558 657//559 658//560
f 659//561 660//562 661//563 662//564
f 662//564 661//563 663//565 664//566
f 665//567 666//568 667//569 668//570
f 668//570 667//569 669//571 670//572
f 671//573 672//574 653//555 673//575
f 673//575 653//555 647//549 651//553
f 670//572 669//571 674//576 675//577
f 676//578 677//579 656//558 655//557
f 664//566 663//565 678//580 679//581
f 680//582 651//553 652//554 681//583
f 658//560 657//559 682//584 683//585
f 684//586 673//575 651//553 680//582
f 685//587 671//573 673//575 684//586
f 672//574 686//588 654//556 653//555
f 687//589 688//590 689//591 690//592
f 690//592 689//591 644//546 643//545
f 663//565 691//593 692//594 678//580
f 691//593 693//595 694//596 692//594
f 695//597 696//598 697//599 698//600
f 660//562 699//601 700//602 661//563
f 699//601 701//603 702//604 700//602
f 703//605 704//606 705//607 706//608
f 661//563 700//602 691//593 663//565
f 700//602 702//604 693//595 691//593
f 706//608 705//607 696//598 695//597
f 707//609 708//610 709//611 710//612
f 708//610 711//613 712//614 709//611
f 711//613 713//615 714//616 712//614
f 715//617 716//618 717//619 718//620
f 719//621 720//622 694//596 718//620
f 721//623 720//622 645//547 683//585
f 722//624 723//625 692//594 694//596
f 723//625 679//581 678//580 692//594
f 675//577 719//621 718//620 717//619
f 724//626 715//617 718//620 694//596
f 667//569 690//592 643//545 669//571
f 666//568 687//589 690//592 667//569
f 669//571 643//545 646//548 674//576
f 674//576 646//548 719//621 675//577
f 722//624 694//596 720//622 721//623
f 646//548 645//547 720//622 719//621
f 677//579 685//587 684//586 656//558
f 656//558 684//586 680//582 657//559
f 657//559 680//582 681//583 682//584
f 725//627 670//572 675//577 717//619
f 726//628 668//570 670//572 725//627
f 727//629 665//567 668//570 726//628
f 652//554 722//624 721//623 681//583
f 650//552 649//551 679//581 723//625
f 652//554 650//552 723//625 722//624
f 681//583 721//623 683//585 682//584
f 644//546 658//560 683//585 645//547
f 648//550 664//566 679//581 649//551
f 688//590 676//578 655//557 689//591
f 654//556 662//564 664//566 648//550
f 686//588 659//561 662//564 654//556
f 689//591 655//557 658//560 644//546
f 698//600 728//630 715//617 724//626
f 728//630 713//615 716//618 715//617
f 725//627 717//619 716//618 729//631
f 726//628 725//627 729//631 730//632
f 727//629 726//628 730//632 731//633
f 702//604 732//634 733//635 693//595
f 701//603 734//636 732//634 702//604
f 693//595 733//635 724//626 694//596
f 735//637 714//616 713//615 728//630
f 697//599 735//637 728//630 698//600
f 729//631 716//618 713//615 711//613
f 730//632 729//631 711//613 708//610
f 731//633 730//632 708//610 707//609
f 732//634 706//608 695//597 733//635
f 734//636 703//605 706//608 732//634
f 733//635 695//597 698//600 724//626
f 736//638 737//639 738//640 739//641
f 740//642 741//643 742//644 743//645
f 744//646 745//647 741//643 740//642
f 746//648 740//642 743//645 747//649
f 748//650 749//651 750//652 751//653
f 752//654 753//655 754//656 755//657
f 753//655 756//658 757//659 754//656
f 758//660 759//661 760//662 761//663
f 759//661 762//664 763//665 760//662
f 764//666 765//667 746//648 766//668
f 765//667 744//646 740//642 746//648
f 762//664 767//669 768//670 763//665
f 769//671 748//650 751//653 770//672
f 756//658 771//673 772//674 757//659
f 773//675 774//676 745//647 744//646
f 749//651 775//677 776//678 750//652
f 777//679 773//675 744//646 765//667
f 778//680 777//679 765//667 764//666
f 766//668 746//648 747//649 779//681
f 780//682 781//683 782//684 783//685
f 781//683 736//638 739//641 782//684
f 757//659 772//674 784//686 785//687
f 785//687 784//686 786//688 787//689
f 788//690 789//691 697//599 696//598
f 755//657 754//656 790//692 791//693
f 791//693 790//692 792//694 793//695
f 794//696 795//697 705//607 704//606
f 754//656 757//659 785//687 790//692
f 790//692 785//687 787//689 792//694
f 795//697 788//690 696//598 705//607
f 796//698 710//612 709//611 797//699
f 797//699 709//611 712//614 798//700
f 798//700 712//614 714//616 799//701
f 800//702 801//703 802//704 803//705
f 804//706 801//703 786//688 805//707
f 806//708 775//677 738//640 805//707
f 807//709 786//688 784//686 808//710
f 808//710 784//686 772//674 771//673
f 767//669 802//704 801//703 804//706
f 809//711 786//688 801//703 800//702
f 760//662 763//665 736//638 781//683
f 761//663 760//662 781//683 780//682
f 763//665 768//670 737//639 736//638
f 768//670 767//669 804//706 737//639
f 807//709 806//708 805//707 786//688
f 737//639 804//706 805//707 738//640
f 770//672 751//653 777//679 778//680
f 751//653 750//652 773//675 777//679
f 750//652 776//678 774//676 773//675
f 810//712 802//704 767//669 762//664
f 811//713 810//712 762//664 759//661
f 812//714 811//713 759//661 758//660
f 745//647 774//676 806//708 807//709
f 741//643 808//710 771//673 742//644
f 745//647 807//709 808//710 741//643
f 774//676 776//678 775//677 806//708
f 739//641 738//640 775//677 749//651
f 743//645 742//644 771//673 756//658
f 783//685 782//684 748//650 769//671
f 747//649 743//645 756//658 753//655
f 779//681 747//649 753//655 752//654
f 782//684 739//641 749//651 748//650
f 789//691 809//711 800//702 813//715
f 813//715 800//702 803//705 799//701
f 810//712 814//716 803//705 802//704
f 811//713 815//717 814//716 810//712
f 812//714 816//718 815//717 811//713
f 792//694 787//689 817//719 818//720
f 793//695 792//694 818//720 819//721
f 787//689 786//688 809//711 817//719
f 735//637 813//715 799//701 714//616
f 697//599 789//691 813//715 735//637
f 814//716 798//700 799//701 803//705
f 815//717 797//699 798//700 814//716
f 816//718 796//698 797//699 815//717
f 818//720 817//719 788//690 795//697
f 819//721 818//720 795//697 794//696
f 817//719 809//711 789//691 788//690
f 820//722 821//723 822//724 823//725
f 824//726 825//727 826//728 827//729
f 828//730 829//731 825//727 824//726
f 830//732 824//726 827//729 831//733
f 832//734 833//735 834//736 835//737
f 659//561 836//738 837//739 660//562
f 836//738 838//740 839//741 837//739
f 665//567 840//742 841//743 666//568
f 840//742 842//744 843//745 841//743
f 671//573 844//746 830//732 672//574
f 844//746 828//730 824//726 830//732
f 842//744 845//747 846//748 843//745
f 676//578 832//734 835//737 677//579
f 838//740 847//749 848//750 839//741
f 849//751 850//752 829//731 828//730
f 833//735 851//753 852//754 834//736
f 853//755 849//751 828//730 844//746
f 685//587 853//755 844//746 671//573
f 672//574 830//732 831//733 686//588
f 687//589 854//756 855//757 688//590
f 854//756 820//722 823//725 855//757
f 839//741 848//750 856//758 857//759
f 857//759 856//758 858//760 859//761
f 860//762 861//763 862//764 863//765
f 660//562 837//739 864//766 699//601
f 699//601 864//766 865//767 701//603
f 703//605 866//768 867//769 704//606
f 837//739 839//741 857//759 864//766
f 864//766 857//759 859//761 865//767
f 866//768 860//762 863//765 867//769
f 707//609 710//612 868//770 869//771
f 869//771 868//770 870//772 871//773
f 871//773 870//772 872//774 873//775
f 874//776 875//777 876//778 877//779
f 878//780 875//777 858//760 879//781
f 880//782 851//753 822//724 879//781
f 881//783 858//760 856//758 882//784
f 882//784 856//758 848//750 847//749
f 845//747 876//778 875//777 878//780
f 883//785 858//760 875//777 874//776
f 841//743 843//745 820//722 854//756
f 666//568 841//743 854//756 687//589
f 843//745 846//748 821//723 820//722
f 846//748 845//747 878//780 821//723
f 881//783 880//782 879//781 858//760
f 821//723 878//780 879//781 822//724
f 677//579 835//737 853//755 685//587
f 835//737 834//736 849//751 853//755
f 834//736 852//754 850//752 849//751
f 884//786 876//778 845//747 842//744
f 885//787 884//786 842//744 840//742
f 727//629 885//787 840//742 665//567
f 829//731 850//752 880//782 881//783
f 825//727 882//784 847//749 826//728
f 829//731 881//783 882//784 825//727
f 850//752 852//754 851//753 880//782
f 823//725 822//724 851//753 833//735
f 827//729 826//728 847//749 838//740
f 688//590 855//757 832//734 676//578
f 831//733 827//729 838//740 836//738
f 686//588 831//733 836//738 659//561
f 855//757 823//725 833//735 832//734
f 861//763 883//785 874//776 886//788
f 886//788 874//776 877//779 873//775
f 884//786 887//789 877//779 876//778
f 885//787 888//790 887//789 884//786
f 727//629 731//633 888//790 885//787
f 865//767 859//761 889//791 890//792
f 701//603 865//767 890//792 734//636
f 859//761 858//760 883//785 889//791
f 891//793 886//788 873//775 872//774
f 862//764 861//763 886//788 891//793
f 887//789 871//773 873//775 877//779
f 888//790 869//771 871//773 887//789
f 731//633 707//609 869//771 888//790
f 890//792 889//791 860//762 866//768
f 734//636 890//792 866//768 703//605
f 889//791 883//785 861//763 860//762
f 892//794 893//795 894//796 895//797
f 896//798 897//799 898//800 899//801
f 900//802 896//798 899//801 901//803
f 902//804 903//805 897//799 896//798
f 904//806 905//807 906//808 907//809
f 752//654 755//657 908//810 909//811
f 909//811 908//810 910//812 911//813
f 758//660 761//663 912//814 913//815
f 913//815 912//814 914//816 915//817
f 764//666 766//668 902//804 916//818
f 916//818 902//804 896//798 900//802
f 915//817 914//816 917//819 918//820
f 769//671 770//672 905//807 904//806
f 911//813 910//812 919//821 920//822
f 921//823 900//802 901//803 922//824
f 907//809 906//808 923//825 924//826
f 925//827 916//818 900//802 921//823
f 778//680 764//666 916//818 925//827
f 766//668 779//681 903//805 902//804
f 780//682 783//685 926//828 927//829
f 927//829 926//828 893//795 892//794
f 910//812 928//830 929//831 919//821
f 928//830 930//832 931//833 929//831
f 932//834 863//765 862//764 933//835
f 755//657 791//693 934//836 908//810
f 791//693 793//695 935//837 934//836
f 794//696 704//606 867//769 936//838
f 908//810 934//836 928//830 910//812
f 934//836 935//837 930//832 928//830
f 936//838 867//769 863//765 932//834
f 796//698 937//839 868//770 710//612
f 937//839 938//840 870//772 868//770
f 938//840 939//841 872//774 870//772
f 940//842 941//843 942//844 943//845
f 944//846 945//847 931//833 943//845
f 946//848 945//847 894//796 924//826
f 947//849 948//850 929//831 931//833
f 948//850 920//822 919//821 929//831
f 918//820 944//846 943//845 942//844
f 949//851 940//842 943//845 931//833
f 912//814 927//829 892//794 914//816
f 761//663 780//682 927//829 912//814
f 914//816 892//794 895//797 917//819
f 917//819 895//797 944//846 918//820
f 947//849 931//833 945//847 946//848
f 895//797 894//796 945//847 944//846
f 770//672 778//680 925//827 905//807
f 905//807 925//827 921//823 906//808
f 906//808 921//823 922//824 923//825
f 950//852 915//817 918//820 942//844
f 951//853 913//815 915//817 950//852
f 812//714 758//660 913//815 951//853
f 901//803 947//849 946//848 922//824
f 899//801 898//800 920//822 948//850
f 901//803 899//801 948//850 947//849
f 922//824 946//848 924//826 923//825
f 893//795 907//809 924//826 894//796
f 897//799 911//813 920//822 898//800
f 783//685 769//671 904//806 926//828
f 903//805 909//811 911//813 897//799
f 779//681 752//654 909//811 903//805
f 926//828 904//806 907//809 893//795
f 933//835 952//854 940//842 949//851
f 952//854 939//841 941//843 940//842
f 950//852 942//844 941//843 953//855
f 951//853 950//852 953//855 954//856
f 812//714 951//853 954//856 816//718
f 935//837 955//857 956//858 930//832
f 793//695 819//721 955//857 935//837
f 930//832 956//858 949//851 931//833
f 891//793 872//774 939//841 952//854
f 862//764 891//793 952//854 933//835
f 953//855 941//843 939//841 938//840
f 954//856 953//855 938//840 937//839
f 816//718 954//856 937//839 796//698
f 955//857 936//838 932//834 956//858
f 819//721 794//696 936//838 955//857
f 956//858 932//834 933//835 949//851
f 957//859 958//860 959//861 960//862
f 961//863 962//864 963//865 964//863
f 965//866 966//867 967//867 968//868
f 969//869 970//870 971//871 972//872
f 973//873 974//874 975//875 976//876
f 977//877 978//878 979//879 980//877
f 958//860 981//880 982//881 959//861
f 962//864 983//882 984//883 963//865
f 966//867 985//884 986//885 967//867
f 970//870 987//886 988//886 971//871
f 974//874 977//877 980//877 975//875
f 981//880 989//887 990//888 982//881
f 983//882 991//889 992//890 984//883
f 978//878 993//891 994//892 979//879
f 985//884 995//893 996//894 986//885
f 987//886 957//859 960//862 988//886
f 989//887 961//863 964//863 990//888
f 991//889 965//866 968//868 992//890
f 993//891 969//869 972//872 994//892
f 995//893 973//873 976//876 996//894
f 997//895 998//896 999//897 1000//898
f 1000//898 999//897 1001//899 1002//900
f 1002//900 1001//899 1003//901 1004//902
f 1004//902 1003//901 1005//903 1006//904
f 1007//905 1008//906 1009//907 1010//908
f 1011//909 1012//910 1013//911 1014//912
f 1014//912 1013//911 1015//913 1016//914
f 1016//914 1015//913 1017//915 1018//916
f 1018//916 1017//915 1019//917 1020//918
f 1021//919 1022//920 1023//921 1024//922
f 1025//923 1026//924 1027//925 1028//926
f 1028//926 1027//925 1029//927 1030//928
f 1030//928 1029//927 1031//929 1032//930
f 1032//930 1031//929 1033//931 1034//932
f 1035//933 1036//934 1037//935 1038//936
f 1039//937 1040//938 1041//939 1042//940
f 1042//940 1041//939 1043//941 1044//942
f 1044//942 1043//941 1045//943 1046//944
f 1046//944 1045//943 1047//945 1048//946
f 1049//947 1050//948 1051//949 1052//950
f 1053//951 1054//952 1055//953 1056//954
f 1056//954 1055//953 1057//955 1058//956
f 1058//956 1057//955 1059//957 1060//958
f 1060//958 1059//957 1061//959 1062//960
f 1063//961 1064//962 1065//963 1066//964
f 1067//965 997//895 1000//898 1068//966
f 1068//966 1000//898 1002//900 1069//967
f 1069//967 1002//900 1004//902 1070//968
f 1070//968 1004//902 1006//904 1071//969
f 1072//970 1007//905 1010//908 1073//971
f 1074//972 1011//909 1014//912 1075//973
f 1075//973 1014//912 1016//914 1076//974
f 1076//974 1016//914 1018//916 1077//975
f 1077//975 1018//916 1020//918 1078//976
f 1079//977 1021//919 1024//922 1080//978
f 1081//979 1025//923 1028//926 1082//980
f 1082//980 1028//926 1030//928 1083//981
f 1083//981 1030//928 1032//930 1084//982
f 1084//982 1032//930 1034//932 1085//983
f 1086//984 1035//933 1038//936 1087//985
f 1088//986 1039//937 1042//940 1089//987
f 1089//987 1042//940 1044//942 1090//988
f 1090//988 1044//942 1046//944 1091//989
f 1091//989 1046//944 1048//946 1092//990
f 1093//991 1049//947 1052//950 1094//992
f 1095//993 1096//994 1097//995 1098//996
f 1098//996 1097//995 1099//997 1100//998
f 1100//998 1099//997 1101//999 1102//1000
f 1102//1000 1101//999 1103//1001 1104//1002
f 1105//1003 1106//1004 1107//1005 1108//1006
f 1109//1007 1053//951 1056//954 1110//1008
f 1110//1008 1056//954 1058//956 1111//1009
f 1111//1009 1058//956 1060//958 1112//1010
f 1112//1010 1060//958 1062//960 1113//1011
f 1114//1012 1063//961 1066//964 1115//1013
f 1116//1014 1067//965 1068//966 1117//1015
f 1117//1015 1068//966 1069//967 1118//1016
f 1118//1016 1069//967 1070//968 1119//1017
f 1119//1017 1070//968 1071//969 1120//1018
f 1121//1019 1072//970 1073//971 1122//1020
f 1123//1021 1081//979 1082//980 1124//1022
f 1124//1022 1082//980 1083//981 1125//1023
f 1125//1023 1083//981 1084//982 1126//1024
f 1126//1024 1084//982 1085//983 1127//1025
f 1128//1026 1086//984 1087//985 1129//1027
f 1130//1028 1088//986 1089//987 1131//1029
f 1131//1029 1089//987 1090//988 1132//1030
f 1132//1030 1090//988 1091//989 1133//1031
f 1133//1031 1091//989 1092//990 1134//1032
f 1135//1033 1093//991 1094//992 1136//1034
f 1096//994 1074//972 1075//973 1097//995
f 1097//995 1075//973 1076//974 1099//997
f 1099//997 1076//974 1077//975 1101//999
f 1101//999 1077//975 1078//976 1103//1001
f 1106//1004 1079//977 1080//978 1107//1005
f 998//896 1095//993 1098//996 999//897
f 999//897 1098//996 1100//998 1001//899
f 1001//899 1100//998 1102//1000 1003//901
f 1003//901 1102//1000 1104//1002 1005//903
f 1008//906 1105//1003 1108//1006 1009//907
f 1012//910 1109//1007 1110//1008 1013//911
f 1013//911 1110//1008 1111//1009 1015//913
f 1015//913 1111//1009 1112//1010 1017//915
f 1017//915 1112//1010 1113//1011 1019//917
f 1022//920 1114//1012 1115//1013 1023//921
f 1026//924 1116//1014 1117//1015 1027//925
f 1027//925 1117//1015 1118//1016 1029//927
f 1029//927 1118//1016 1119//1017 1031//929
f 1031//929 1119//1017 1120//1018 1033//931
f 1036//934 1121//1019 1122//1020 1037//935
f 1040//938 1123//1021 1124//1022 1041//939
f 1041//939 1124//1022 1125//1023 1043//941
f 1043//941 1125//1023 1126//1024 1045//943
f 1045//943 1126//1024 1127//1025 1047//945
f 1050//948 1128//1026 1129//1027 1051//949
f 1054//952 1130//1028 1131//1029 1055//953
f 1055//953 1131//1029 1132//1030 1057//955
f 1057//955 1132//1030 1133//1031 1059//957
f 1059//957 1133//1031 1134//1032 1061//959
f 1064//962 1135//1033 1136//1034 1065//963
f 1061//959 1134//1032 1135//1033 1064//962
f 1047//945 1127//1025 1128//1026 1050//948
f 1033//931 1120//1018 1121//1019 1036//934
f 1019//917 1113//1011 1114//1012 1022//920
f 1005//903 1104//1002 1105//1003 1008//906
f 1103//1001 1078//976 1079//977 1106//1004
f 1134//1032 1092//990 1093//991 1135//1033
f 1127//1025 1085//983 1086//984 1128//1026
f 1120//1018 1071//969 1072//970 1121//1019
f 1113//1011 1062//960 1063//961 1114//1012
f 1104//1002 1103//1001 1106//1004 1105//1003
f 1092//990 1048//946 1049//947 1093//991
f 1085//983 1034//932 1035//933 1086//984
f 1078//976 1020//918 1021//919 1079//977
f 1071//969 1006//904 1007//905 1072//970
f 1062//960 1061//959 1064//962 1063//961
f 1048//946 1047//945 1050//948 1049//947
f 1034//932 1033//931 1036//934 1035//933
f 1020//918 1019//917 1022//920 1021//919
f 1006//904 1005//903 1008//906 1007//905
f 1010//908 1009//907 973//873 995//893
f 1024//922 1023//921 969//869 993//891
f 1038//936 1037//935 965//866 991//889
f 1052//950 1051//949 961//863 989//887
f 1066//964 1065//963 957//859 987//886
f 1073//971 1010//908 995//893 985//884
f 1080//978 1024//922 993//891 978//878
f 1087//985 1038//936 991//889 983//882
f 1094//992 1052//950 989//887 981//880
f 1108//1006 1107//1005 977//877 974//874
f 1115//1013 1066//964 987//886 970//870
f 1122//1020 1073//971 985//884 966//867
f 1129//1027 1087//985 983//882 962//864
f 1136//1034 1094//992 981//880 958//860
f 1107//1005 1080//978 978//878 977//877
f 1009//907 1108//1006 974//874 973//873
f 1023//921 1115//1013 970//870 969//869
f 1037//935 1122//1020 966//867 965//866
f 1051//949 1129//1027 962//864 961//863
f 1065//963 1136//1034 958//860 957//859
